CrimeKey,CrimeCode,CrimeDescription
1,100,ARSON
2,100,ASSAULT
3,100,BURGLARY
4,100,COUNTERFEITING
5,100,CYBERCRIME
6,100,DOMESTIC VIOLENCE
7,100,DRUG OFFENSE
8,100,EXTORTION
9,100,FIREARM OFFENSE
10,100,FRAUD
11,100,HOMICIDE
12,100,IDENTITY THEFT
13,100,ILLEGAL POSSESSION
14,100,KIDNAPPING
15,100,PUBLIC INTOXICATION
16,100,ROBBERY
17,100,SEXUAL ASSAULT
18,100,SHOPLIFTING
19,100,TRAFFIC VIOLATION
20,100,VANDALISM
21,100,VEHICLE - STOLEN
22,101,ARSON
23,101,ASSAULT
24,101,BURGLARY
25,101,COUNTERFEITING
26,101,CYBERCRIME
27,101,DOMESTIC VIOLENCE
28,101,DRUG OFFENSE
29,101,EXTORTION
30,101,FIREARM OFFENSE
31,101,FRAUD
32,101,HOMICIDE
33,101,IDENTITY THEFT
34,101,ILLEGAL POSSESSION
35,101,KIDNAPPING
36,101,PUBLIC INTOXICATION
37,101,ROBBERY
38,101,SHOPLIFTING
39,101,TRAFFIC VIOLATION
40,101,VANDALISM
41,101,VEHICLE - STOLEN
42,102,ARSON
43,102,ASSAULT
44,102,BURGLARY
45,102,COUNTERFEITING
46,102,CYBERCRIME
47,102,DRUG OFFENSE
48,102,EXTORTION
49,102,FIREARM OFFENSE
50,102,FRAUD
51,102,HOMICIDE
52,102,IDENTITY THEFT
53,102,ILLEGAL POSSESSION
54,102,KIDNAPPING
55,102,PUBLIC INTOXICATION
56,102,SEXUAL ASSAULT
57,102,SHOPLIFTING
58,102,TRAFFIC VIOLATION
59,102,VANDALISM
60,102,VEHICLE - STOLEN
61,103,ARSON
62,103,ASSAULT
63,103,BURGLARY
64,103,COUNTERFEITING
65,103,CYBERCRIME
66,103,DOMESTIC VIOLENCE
67,103,DRUG OFFENSE
68,103,EXTORTION
69,103,FIREARM OFFENSE
70,103,FRAUD
71,103,HOMICIDE
72,103,IDENTITY THEFT
73,103,KIDNAPPING
74,103,PUBLIC INTOXICATION
75,103,ROBBERY
76,103,SEXUAL ASSAULT
77,103,SHOPLIFTING
78,103,TRAFFIC VIOLATION
79,103,VANDALISM
80,103,VEHICLE - STOLEN
81,104,ARSON
82,104,ASSAULT
83,104,BURGLARY
84,104,COUNTERFEITING
85,104,CYBERCRIME
86,104,DOMESTIC VIOLENCE
87,104,DRUG OFFENSE
88,104,EXTORTION
89,104,FIREARM OFFENSE
90,104,FRAUD
91,104,HOMICIDE
92,104,IDENTITY THEFT
93,104,ILLEGAL POSSESSION
94,104,KIDNAPPING
95,104,PUBLIC INTOXICATION
96,104,ROBBERY
97,104,SEXUAL ASSAULT
98,104,SHOPLIFTING
99,104,TRAFFIC VIOLATION
100,104,VANDALISM
101,104,VEHICLE - STOLEN
102,105,ARSON
103,105,ASSAULT
104,105,BURGLARY
105,105,COUNTERFEITING
106,105,CYBERCRIME
107,105,DOMESTIC VIOLENCE
108,105,DRUG OFFENSE
109,105,EXTORTION
110,105,FRAUD
111,105,HOMICIDE
112,105,IDENTITY THEFT
113,105,ILLEGAL POSSESSION
114,105,KIDNAPPING
115,105,PUBLIC INTOXICATION
116,105,ROBBERY
117,105,SEXUAL ASSAULT
118,105,SHOPLIFTING
119,105,TRAFFIC VIOLATION
120,105,VANDALISM
121,105,VEHICLE - STOLEN
122,106,ARSON
123,106,ASSAULT
124,106,BURGLARY
125,106,COUNTERFEITING
126,106,CYBERCRIME
127,106,DOMESTIC VIOLENCE
128,106,DRUG OFFENSE
129,106,EXTORTION
130,106,FIREARM OFFENSE
131,106,FRAUD
132,106,HOMICIDE
133,106,IDENTITY THEFT
134,106,ILLEGAL POSSESSION
135,106,KIDNAPPING
136,106,PUBLIC INTOXICATION
137,106,ROBBERY
138,106,SEXUAL ASSAULT
139,106,SHOPLIFTING
140,106,TRAFFIC VIOLATION
141,106,VANDALISM
142,106,VEHICLE - STOLEN
143,107,ARSON
144,107,ASSAULT
145,107,BURGLARY
146,107,COUNTERFEITING
147,107,CYBERCRIME
148,107,DOMESTIC VIOLENCE
149,107,DRUG OFFENSE
150,107,EXTORTION
151,107,FIREARM OFFENSE
152,107,FRAUD
153,107,HOMICIDE
154,107,IDENTITY THEFT
155,107,ILLEGAL POSSESSION
156,107,KIDNAPPING
157,107,PUBLIC INTOXICATION
158,107,ROBBERY
159,107,SEXUAL ASSAULT
160,107,SHOPLIFTING
161,107,TRAFFIC VIOLATION
162,107,VANDALISM
163,107,VEHICLE - STOLEN
164,108,ARSON
165,108,ASSAULT
166,108,BURGLARY
167,108,COUNTERFEITING
168,108,CYBERCRIME
169,108,DOMESTIC VIOLENCE
170,108,DRUG OFFENSE
171,108,EXTORTION
172,108,FIREARM OFFENSE
173,108,FRAUD
174,108,HOMICIDE
175,108,IDENTITY THEFT
176,108,ILLEGAL POSSESSION
177,108,KIDNAPPING
178,108,PUBLIC INTOXICATION
179,108,ROBBERY
180,108,SEXUAL ASSAULT
181,108,SHOPLIFTING
182,108,TRAFFIC VIOLATION
183,108,VANDALISM
184,108,VEHICLE - STOLEN
185,109,ARSON
186,109,ASSAULT
187,109,BURGLARY
188,109,COUNTERFEITING
189,109,CYBERCRIME
190,109,DOMESTIC VIOLENCE
191,109,EXTORTION
192,109,FIREARM OFFENSE
193,109,FRAUD
194,109,HOMICIDE
195,109,IDENTITY THEFT
196,109,ILLEGAL POSSESSION
197,109,KIDNAPPING
198,109,PUBLIC INTOXICATION
199,109,ROBBERY
200,109,SEXUAL ASSAULT
201,109,SHOPLIFTING
202,109,TRAFFIC VIOLATION
203,109,VANDALISM
204,109,VEHICLE - STOLEN
205,110,ARSON
206,110,ASSAULT
207,110,BURGLARY
208,110,COUNTERFEITING
209,110,CYBERCRIME
210,110,DOMESTIC VIOLENCE
211,110,EXTORTION
212,110,FIREARM OFFENSE
213,110,FRAUD
214,110,HOMICIDE
215,110,IDENTITY THEFT
216,110,ILLEGAL POSSESSION
217,110,KIDNAPPING
218,110,PUBLIC INTOXICATION
219,110,ROBBERY
220,110,SEXUAL ASSAULT
221,110,SHOPLIFTING
222,110,TRAFFIC VIOLATION
223,110,VANDALISM
224,110,VEHICLE - STOLEN
225,111,ARSON
226,111,ASSAULT
227,111,BURGLARY
228,111,CYBERCRIME
229,111,DOMESTIC VIOLENCE
230,111,DRUG OFFENSE
231,111,EXTORTION
232,111,FIREARM OFFENSE
233,111,FRAUD
234,111,HOMICIDE
235,111,IDENTITY THEFT
236,111,ILLEGAL POSSESSION
237,111,KIDNAPPING
238,111,PUBLIC INTOXICATION
239,111,ROBBERY
240,111,SEXUAL ASSAULT
241,111,SHOPLIFTING
242,111,TRAFFIC VIOLATION
243,111,VANDALISM
244,111,VEHICLE - STOLEN
245,112,ARSON
246,112,ASSAULT
247,112,BURGLARY
248,112,COUNTERFEITING
249,112,CYBERCRIME
250,112,DOMESTIC VIOLENCE
251,112,DRUG OFFENSE
252,112,EXTORTION
253,112,FIREARM OFFENSE
254,112,FRAUD
255,112,HOMICIDE
256,112,IDENTITY THEFT
257,112,ILLEGAL POSSESSION
258,112,KIDNAPPING
259,112,PUBLIC INTOXICATION
260,112,ROBBERY
261,112,SEXUAL ASSAULT
262,112,SHOPLIFTING
263,112,TRAFFIC VIOLATION
264,112,VANDALISM
265,112,VEHICLE - STOLEN
266,113,ARSON
267,113,ASSAULT
268,113,BURGLARY
269,113,COUNTERFEITING
270,113,CYBERCRIME
271,113,DOMESTIC VIOLENCE
272,113,DRUG OFFENSE
273,113,EXTORTION
274,113,FIREARM OFFENSE
275,113,FRAUD
276,113,HOMICIDE
277,113,IDENTITY THEFT
278,113,ILLEGAL POSSESSION
279,113,KIDNAPPING
280,113,PUBLIC INTOXICATION
281,113,ROBBERY
282,113,SEXUAL ASSAULT
283,113,SHOPLIFTING
284,113,TRAFFIC VIOLATION
285,113,VANDALISM
286,113,VEHICLE - STOLEN
287,114,ARSON
288,114,ASSAULT
289,114,BURGLARY
290,114,COUNTERFEITING
291,114,CYBERCRIME
292,114,DOMESTIC VIOLENCE
293,114,DRUG OFFENSE
294,114,EXTORTION
295,114,FIREARM OFFENSE
296,114,FRAUD
297,114,HOMICIDE
298,114,IDENTITY THEFT
299,114,ILLEGAL POSSESSION
300,114,KIDNAPPING
301,114,PUBLIC INTOXICATION
302,114,ROBBERY
303,114,SEXUAL ASSAULT
304,114,SHOPLIFTING
305,114,TRAFFIC VIOLATION
306,114,VANDALISM
307,114,VEHICLE - STOLEN
308,115,ARSON
309,115,ASSAULT
310,115,BURGLARY
311,115,COUNTERFEITING
312,115,CYBERCRIME
313,115,DOMESTIC VIOLENCE
314,115,DRUG OFFENSE
315,115,EXTORTION
316,115,FIREARM OFFENSE
317,115,FRAUD
318,115,HOMICIDE
319,115,IDENTITY THEFT
320,115,ILLEGAL POSSESSION
321,115,KIDNAPPING
322,115,PUBLIC INTOXICATION
323,115,ROBBERY
324,115,SEXUAL ASSAULT
325,115,SHOPLIFTING
326,115,TRAFFIC VIOLATION
327,115,VANDALISM
328,115,VEHICLE - STOLEN
329,116,ARSON
330,116,ASSAULT
331,116,BURGLARY
332,116,COUNTERFEITING
333,116,CYBERCRIME
334,116,DOMESTIC VIOLENCE
335,116,EXTORTION
336,116,FIREARM OFFENSE
337,116,FRAUD
338,116,HOMICIDE
339,116,IDENTITY THEFT
340,116,KIDNAPPING
341,116,PUBLIC INTOXICATION
342,116,ROBBERY
343,116,SEXUAL ASSAULT
344,116,SHOPLIFTING
345,116,TRAFFIC VIOLATION
346,116,VEHICLE - STOLEN
347,117,ARSON
348,117,ASSAULT
349,117,BURGLARY
350,117,COUNTERFEITING
351,117,CYBERCRIME
352,117,DOMESTIC VIOLENCE
353,117,DRUG OFFENSE
354,117,EXTORTION
355,117,FIREARM OFFENSE
356,117,FRAUD
357,117,HOMICIDE
358,117,IDENTITY THEFT
359,117,KIDNAPPING
360,117,PUBLIC INTOXICATION
361,117,ROBBERY
362,117,SEXUAL ASSAULT
363,117,SHOPLIFTING
364,117,TRAFFIC VIOLATION
365,117,VANDALISM
366,117,VEHICLE - STOLEN
367,118,ARSON
368,118,ASSAULT
369,118,BURGLARY
370,118,COUNTERFEITING
371,118,CYBERCRIME
372,118,DOMESTIC VIOLENCE
373,118,DRUG OFFENSE
374,118,EXTORTION
375,118,FIREARM OFFENSE
376,118,FRAUD
377,118,HOMICIDE
378,118,IDENTITY THEFT
379,118,ILLEGAL POSSESSION
380,118,KIDNAPPING
381,118,PUBLIC INTOXICATION
382,118,ROBBERY
383,118,SEXUAL ASSAULT
384,118,SHOPLIFTING
385,118,TRAFFIC VIOLATION
386,118,VANDALISM
387,118,VEHICLE - STOLEN
388,119,ARSON
389,119,ASSAULT
390,119,BURGLARY
391,119,COUNTERFEITING
392,119,CYBERCRIME
393,119,DOMESTIC VIOLENCE
394,119,DRUG OFFENSE
395,119,EXTORTION
396,119,FIREARM OFFENSE
397,119,FRAUD
398,119,HOMICIDE
399,119,IDENTITY THEFT
400,119,ILLEGAL POSSESSION
401,119,KIDNAPPING
402,119,PUBLIC INTOXICATION
403,119,ROBBERY
404,119,SEXUAL ASSAULT
405,119,SHOPLIFTING
406,119,TRAFFIC VIOLATION
407,119,VANDALISM
408,119,VEHICLE - STOLEN
409,120,ARSON
410,120,ASSAULT
411,120,BURGLARY
412,120,COUNTERFEITING
413,120,CYBERCRIME
414,120,DOMESTIC VIOLENCE
415,120,DRUG OFFENSE
416,120,EXTORTION
417,120,FIREARM OFFENSE
418,120,FRAUD
419,120,HOMICIDE
420,120,IDENTITY THEFT
421,120,ILLEGAL POSSESSION
422,120,KIDNAPPING
423,120,PUBLIC INTOXICATION
424,120,ROBBERY
425,120,SEXUAL ASSAULT
426,120,SHOPLIFTING
427,120,TRAFFIC VIOLATION
428,120,VANDALISM
429,120,VEHICLE - STOLEN
430,121,ARSON
431,121,ASSAULT
432,121,BURGLARY
433,121,COUNTERFEITING
434,121,CYBERCRIME
435,121,DOMESTIC VIOLENCE
436,121,DRUG OFFENSE
437,121,EXTORTION
438,121,FIREARM OFFENSE
439,121,FRAUD
440,121,HOMICIDE
441,121,IDENTITY THEFT
442,121,ILLEGAL POSSESSION
443,121,KIDNAPPING
444,121,PUBLIC INTOXICATION
445,121,ROBBERY
446,121,SEXUAL ASSAULT
447,121,SHOPLIFTING
448,121,TRAFFIC VIOLATION
449,121,VANDALISM
450,121,VEHICLE - STOLEN
451,122,ARSON
452,122,ASSAULT
453,122,BURGLARY
454,122,COUNTERFEITING
455,122,CYBERCRIME
456,122,DOMESTIC VIOLENCE
457,122,DRUG OFFENSE
458,122,EXTORTION
459,122,FIREARM OFFENSE
460,122,HOMICIDE
461,122,IDENTITY THEFT
462,122,ILLEGAL POSSESSION
463,122,KIDNAPPING
464,122,PUBLIC INTOXICATION
465,122,ROBBERY
466,122,SEXUAL ASSAULT
467,122,SHOPLIFTING
468,122,TRAFFIC VIOLATION
469,122,VEHICLE - STOLEN
470,123,ARSON
471,123,ASSAULT
472,123,BURGLARY
473,123,COUNTERFEITING
474,123,CYBERCRIME
475,123,DOMESTIC VIOLENCE
476,123,DRUG OFFENSE
477,123,EXTORTION
478,123,FIREARM OFFENSE
479,123,FRAUD
480,123,HOMICIDE
481,123,IDENTITY THEFT
482,123,ILLEGAL POSSESSION
483,123,KIDNAPPING
484,123,PUBLIC INTOXICATION
485,123,ROBBERY
486,123,SEXUAL ASSAULT
487,123,SHOPLIFTING
488,123,TRAFFIC VIOLATION
489,123,VANDALISM
490,123,VEHICLE - STOLEN
491,124,ARSON
492,124,ASSAULT
493,124,BURGLARY
494,124,COUNTERFEITING
495,124,CYBERCRIME
496,124,DOMESTIC VIOLENCE
497,124,DRUG OFFENSE
498,124,EXTORTION
499,124,FIREARM OFFENSE
500,124,FRAUD
501,124,HOMICIDE
502,124,IDENTITY THEFT
503,124,ILLEGAL POSSESSION
504,124,KIDNAPPING
505,124,PUBLIC INTOXICATION
506,124,ROBBERY
507,124,SEXUAL ASSAULT
508,124,SHOPLIFTING
509,124,TRAFFIC VIOLATION
510,124,VANDALISM
511,124,VEHICLE - STOLEN
512,125,ARSON
513,125,ASSAULT
514,125,BURGLARY
515,125,COUNTERFEITING
516,125,CYBERCRIME
517,125,DOMESTIC VIOLENCE
518,125,DRUG OFFENSE
519,125,EXTORTION
520,125,FIREARM OFFENSE
521,125,FRAUD
522,125,HOMICIDE
523,125,IDENTITY THEFT
524,125,ILLEGAL POSSESSION
525,125,KIDNAPPING
526,125,PUBLIC INTOXICATION
527,125,ROBBERY
528,125,SEXUAL ASSAULT
529,125,SHOPLIFTING
530,125,TRAFFIC VIOLATION
531,125,VANDALISM
532,125,VEHICLE - STOLEN
533,126,ARSON
534,126,ASSAULT
535,126,BURGLARY
536,126,COUNTERFEITING
537,126,CYBERCRIME
538,126,DOMESTIC VIOLENCE
539,126,DRUG OFFENSE
540,126,EXTORTION
541,126,FIREARM OFFENSE
542,126,FRAUD
543,126,HOMICIDE
544,126,IDENTITY THEFT
545,126,ILLEGAL POSSESSION
546,126,KIDNAPPING
547,126,PUBLIC INTOXICATION
548,126,ROBBERY
549,126,SEXUAL ASSAULT
550,126,SHOPLIFTING
551,126,TRAFFIC VIOLATION
552,126,VANDALISM
553,126,VEHICLE - STOLEN
554,127,ARSON
555,127,ASSAULT
556,127,BURGLARY
557,127,COUNTERFEITING
558,127,CYBERCRIME
559,127,DOMESTIC VIOLENCE
560,127,DRUG OFFENSE
561,127,EXTORTION
562,127,FIREARM OFFENSE
563,127,FRAUD
564,127,HOMICIDE
565,127,IDENTITY THEFT
566,127,KIDNAPPING
567,127,PUBLIC INTOXICATION
568,127,ROBBERY
569,127,SEXUAL ASSAULT
570,127,SHOPLIFTING
571,127,TRAFFIC VIOLATION
572,127,VANDALISM
573,127,VEHICLE - STOLEN
574,128,ARSON
575,128,ASSAULT
576,128,BURGLARY
577,128,COUNTERFEITING
578,128,CYBERCRIME
579,128,DOMESTIC VIOLENCE
580,128,DRUG OFFENSE
581,128,EXTORTION
582,128,FIREARM OFFENSE
583,128,FRAUD
584,128,HOMICIDE
585,128,IDENTITY THEFT
586,128,ILLEGAL POSSESSION
587,128,KIDNAPPING
588,128,PUBLIC INTOXICATION
589,128,ROBBERY
590,128,SEXUAL ASSAULT
591,128,TRAFFIC VIOLATION
592,128,VANDALISM
593,128,VEHICLE - STOLEN
594,129,ARSON
595,129,ASSAULT
596,129,BURGLARY
597,129,COUNTERFEITING
598,129,CYBERCRIME
599,129,DOMESTIC VIOLENCE
600,129,DRUG OFFENSE
601,129,EXTORTION
602,129,FIREARM OFFENSE
603,129,FRAUD
604,129,HOMICIDE
605,129,IDENTITY THEFT
606,129,KIDNAPPING
607,129,PUBLIC INTOXICATION
608,129,ROBBERY
609,129,SEXUAL ASSAULT
610,129,SHOPLIFTING
611,129,TRAFFIC VIOLATION
612,129,VANDALISM
613,129,VEHICLE - STOLEN
614,130,ARSON
615,130,ASSAULT
616,130,BURGLARY
617,130,COUNTERFEITING
618,130,CYBERCRIME
619,130,DOMESTIC VIOLENCE
620,130,DRUG OFFENSE
621,130,EXTORTION
622,130,FIREARM OFFENSE
623,130,FRAUD
624,130,HOMICIDE
625,130,IDENTITY THEFT
626,130,ILLEGAL POSSESSION
627,130,KIDNAPPING
628,130,PUBLIC INTOXICATION
629,130,ROBBERY
630,130,SEXUAL ASSAULT
631,130,SHOPLIFTING
632,130,TRAFFIC VIOLATION
633,130,VANDALISM
634,130,VEHICLE - STOLEN
635,131,ARSON
636,131,ASSAULT
637,131,COUNTERFEITING
638,131,CYBERCRIME
639,131,DOMESTIC VIOLENCE
640,131,DRUG OFFENSE
641,131,EXTORTION
642,131,FIREARM OFFENSE
643,131,FRAUD
644,131,HOMICIDE
645,131,IDENTITY THEFT
646,131,ILLEGAL POSSESSION
647,131,KIDNAPPING
648,131,PUBLIC INTOXICATION
649,131,ROBBERY
650,131,SEXUAL ASSAULT
651,131,SHOPLIFTING
652,131,TRAFFIC VIOLATION
653,131,VANDALISM
654,131,VEHICLE - STOLEN
655,132,ARSON
656,132,ASSAULT
657,132,BURGLARY
658,132,COUNTERFEITING
659,132,CYBERCRIME
660,132,DOMESTIC VIOLENCE
661,132,DRUG OFFENSE
662,132,EXTORTION
663,132,FIREARM OFFENSE
664,132,FRAUD
665,132,HOMICIDE
666,132,IDENTITY THEFT
667,132,ILLEGAL POSSESSION
668,132,KIDNAPPING
669,132,PUBLIC INTOXICATION
670,132,ROBBERY
671,132,SEXUAL ASSAULT
672,132,SHOPLIFTING
673,132,TRAFFIC VIOLATION
674,132,VANDALISM
675,132,VEHICLE - STOLEN
676,133,ARSON
677,133,ASSAULT
678,133,BURGLARY
679,133,COUNTERFEITING
680,133,CYBERCRIME
681,133,DOMESTIC VIOLENCE
682,133,DRUG OFFENSE
683,133,EXTORTION
684,133,FIREARM OFFENSE
685,133,FRAUD
686,133,HOMICIDE
687,133,IDENTITY THEFT
688,133,ILLEGAL POSSESSION
689,133,KIDNAPPING
690,133,PUBLIC INTOXICATION
691,133,ROBBERY
692,133,SEXUAL ASSAULT
693,133,SHOPLIFTING
694,133,TRAFFIC VIOLATION
695,133,VANDALISM
696,133,VEHICLE - STOLEN
697,134,ARSON
698,134,ASSAULT
699,134,BURGLARY
700,134,COUNTERFEITING
701,134,CYBERCRIME
702,134,DOMESTIC VIOLENCE
703,134,DRUG OFFENSE
704,134,EXTORTION
705,134,FIREARM OFFENSE
706,134,FRAUD
707,134,HOMICIDE
708,134,IDENTITY THEFT
709,134,ILLEGAL POSSESSION
710,134,KIDNAPPING
711,134,PUBLIC INTOXICATION
712,134,ROBBERY
713,134,SEXUAL ASSAULT
714,134,SHOPLIFTING
715,134,TRAFFIC VIOLATION
716,134,VANDALISM
717,134,VEHICLE - STOLEN
718,135,ARSON
719,135,ASSAULT
720,135,BURGLARY
721,135,COUNTERFEITING
722,135,CYBERCRIME
723,135,DOMESTIC VIOLENCE
724,135,DRUG OFFENSE
725,135,EXTORTION
726,135,FIREARM OFFENSE
727,135,FRAUD
728,135,HOMICIDE
729,135,IDENTITY THEFT
730,135,ILLEGAL POSSESSION
731,135,KIDNAPPING
732,135,PUBLIC INTOXICATION
733,135,ROBBERY
734,135,SEXUAL ASSAULT
735,135,SHOPLIFTING
736,135,TRAFFIC VIOLATION
737,135,VANDALISM
738,135,VEHICLE - STOLEN
739,136,ARSON
740,136,ASSAULT
741,136,BURGLARY
742,136,COUNTERFEITING
743,136,CYBERCRIME
744,136,DOMESTIC VIOLENCE
745,136,DRUG OFFENSE
746,136,EXTORTION
747,136,FIREARM OFFENSE
748,136,FRAUD
749,136,HOMICIDE
750,136,IDENTITY THEFT
751,136,ILLEGAL POSSESSION
752,136,KIDNAPPING
753,136,PUBLIC INTOXICATION
754,136,ROBBERY
755,136,SEXUAL ASSAULT
756,136,SHOPLIFTING
757,136,TRAFFIC VIOLATION
758,136,VANDALISM
759,136,VEHICLE - STOLEN
760,137,ARSON
761,137,ASSAULT
762,137,BURGLARY
763,137,COUNTERFEITING
764,137,CYBERCRIME
765,137,DOMESTIC VIOLENCE
766,137,DRUG OFFENSE
767,137,EXTORTION
768,137,FIREARM OFFENSE
769,137,FRAUD
770,137,HOMICIDE
771,137,IDENTITY THEFT
772,137,ILLEGAL POSSESSION
773,137,KIDNAPPING
774,137,PUBLIC INTOXICATION
775,137,ROBBERY
776,137,SEXUAL ASSAULT
777,137,SHOPLIFTING
778,137,TRAFFIC VIOLATION
779,137,VANDALISM
780,137,VEHICLE - STOLEN
781,138,ARSON
782,138,ASSAULT
783,138,BURGLARY
784,138,COUNTERFEITING
785,138,CYBERCRIME
786,138,DOMESTIC VIOLENCE
787,138,DRUG OFFENSE
788,138,EXTORTION
789,138,FIREARM OFFENSE
790,138,FRAUD
791,138,HOMICIDE
792,138,IDENTITY THEFT
793,138,ILLEGAL POSSESSION
794,138,KIDNAPPING
795,138,PUBLIC INTOXICATION
796,138,ROBBERY
797,138,SEXUAL ASSAULT
798,138,SHOPLIFTING
799,138,TRAFFIC VIOLATION
800,138,VANDALISM
801,138,VEHICLE - STOLEN
802,139,ARSON
803,139,ASSAULT
804,139,BURGLARY
805,139,COUNTERFEITING
806,139,CYBERCRIME
807,139,DOMESTIC VIOLENCE
808,139,DRUG OFFENSE
809,139,EXTORTION
810,139,FIREARM OFFENSE
811,139,FRAUD
812,139,HOMICIDE
813,139,IDENTITY THEFT
814,139,ILLEGAL POSSESSION
815,139,KIDNAPPING
816,139,PUBLIC INTOXICATION
817,139,ROBBERY
818,139,SEXUAL ASSAULT
819,139,SHOPLIFTING
820,139,TRAFFIC VIOLATION
821,139,VANDALISM
822,139,VEHICLE - STOLEN
823,140,ARSON
824,140,ASSAULT
825,140,BURGLARY
826,140,COUNTERFEITING
827,140,CYBERCRIME
828,140,DOMESTIC VIOLENCE
829,140,DRUG OFFENSE
830,140,EXTORTION
831,140,FIREARM OFFENSE
832,140,FRAUD
833,140,HOMICIDE
834,140,IDENTITY THEFT
835,140,ILLEGAL POSSESSION
836,140,KIDNAPPING
837,140,PUBLIC INTOXICATION
838,140,ROBBERY
839,140,SEXUAL ASSAULT
840,140,SHOPLIFTING
841,140,TRAFFIC VIOLATION
842,140,VANDALISM
843,140,VEHICLE - STOLEN
844,141,ARSON
845,141,ASSAULT
846,141,BURGLARY
847,141,COUNTERFEITING
848,141,CYBERCRIME
849,141,DOMESTIC VIOLENCE
850,141,DRUG OFFENSE
851,141,EXTORTION
852,141,FIREARM OFFENSE
853,141,FRAUD
854,141,HOMICIDE
855,141,IDENTITY THEFT
856,141,ILLEGAL POSSESSION
857,141,KIDNAPPING
858,141,PUBLIC INTOXICATION
859,141,ROBBERY
860,141,SEXUAL ASSAULT
861,141,SHOPLIFTING
862,141,TRAFFIC VIOLATION
863,141,VANDALISM
864,141,VEHICLE - STOLEN
865,142,ARSON
866,142,ASSAULT
867,142,BURGLARY
868,142,COUNTERFEITING
869,142,CYBERCRIME
870,142,DOMESTIC VIOLENCE
871,142,DRUG OFFENSE
872,142,EXTORTION
873,142,FIREARM OFFENSE
874,142,FRAUD
875,142,HOMICIDE
876,142,IDENTITY THEFT
877,142,ILLEGAL POSSESSION
878,142,KIDNAPPING
879,142,PUBLIC INTOXICATION
880,142,ROBBERY
881,142,SEXUAL ASSAULT
882,142,SHOPLIFTING
883,142,TRAFFIC VIOLATION
884,142,VANDALISM
885,142,VEHICLE - STOLEN
886,143,ARSON
887,143,ASSAULT
888,143,BURGLARY
889,143,COUNTERFEITING
890,143,CYBERCRIME
891,143,DRUG OFFENSE
892,143,EXTORTION
893,143,FIREARM OFFENSE
894,143,FRAUD
895,143,HOMICIDE
896,143,IDENTITY THEFT
897,143,ILLEGAL POSSESSION
898,143,KIDNAPPING
899,143,PUBLIC INTOXICATION
900,143,ROBBERY
901,143,SEXUAL ASSAULT
902,143,SHOPLIFTING
903,143,TRAFFIC VIOLATION
904,143,VANDALISM
905,143,VEHICLE - STOLEN
906,144,ARSON
907,144,ASSAULT
908,144,BURGLARY
909,144,COUNTERFEITING
910,144,CYBERCRIME
911,144,DOMESTIC VIOLENCE
912,144,DRUG OFFENSE
913,144,EXTORTION
914,144,FIREARM OFFENSE
915,144,FRAUD
916,144,HOMICIDE
917,144,IDENTITY THEFT
918,144,ILLEGAL POSSESSION
919,144,KIDNAPPING
920,144,PUBLIC INTOXICATION
921,144,ROBBERY
922,144,SEXUAL ASSAULT
923,144,SHOPLIFTING
924,144,TRAFFIC VIOLATION
925,144,VANDALISM
926,144,VEHICLE - STOLEN
927,145,ARSON
928,145,ASSAULT
929,145,BURGLARY
930,145,COUNTERFEITING
931,145,CYBERCRIME
932,145,DRUG OFFENSE
933,145,EXTORTION
934,145,FIREARM OFFENSE
935,145,FRAUD
936,145,HOMICIDE
937,145,IDENTITY THEFT
938,145,ILLEGAL POSSESSION
939,145,KIDNAPPING
940,145,PUBLIC INTOXICATION
941,145,ROBBERY
942,145,SEXUAL ASSAULT
943,145,SHOPLIFTING
944,145,TRAFFIC VIOLATION
945,145,VANDALISM
946,145,VEHICLE - STOLEN
947,146,ARSON
948,146,ASSAULT
949,146,BURGLARY
950,146,COUNTERFEITING
951,146,CYBERCRIME
952,146,DOMESTIC VIOLENCE
953,146,DRUG OFFENSE
954,146,EXTORTION
955,146,FIREARM OFFENSE
956,146,FRAUD
957,146,HOMICIDE
958,146,IDENTITY THEFT
959,146,ILLEGAL POSSESSION
960,146,KIDNAPPING
961,146,PUBLIC INTOXICATION
962,146,ROBBERY
963,146,SEXUAL ASSAULT
964,146,SHOPLIFTING
965,146,TRAFFIC VIOLATION
966,146,VANDALISM
967,146,VEHICLE - STOLEN
968,147,ARSON
969,147,ASSAULT
970,147,BURGLARY
971,147,COUNTERFEITING
972,147,CYBERCRIME
973,147,DOMESTIC VIOLENCE
974,147,DRUG OFFENSE
975,147,EXTORTION
976,147,FIREARM OFFENSE
977,147,FRAUD
978,147,HOMICIDE
979,147,IDENTITY THEFT
980,147,ILLEGAL POSSESSION
981,147,KIDNAPPING
982,147,PUBLIC INTOXICATION
983,147,ROBBERY
984,147,SEXUAL ASSAULT
985,147,SHOPLIFTING
986,147,TRAFFIC VIOLATION
987,147,VANDALISM
988,147,VEHICLE - STOLEN
989,148,ARSON
990,148,ASSAULT
991,148,BURGLARY
992,148,COUNTERFEITING
993,148,CYBERCRIME
994,148,DOMESTIC VIOLENCE
995,148,DRUG OFFENSE
996,148,EXTORTION
997,148,FIREARM OFFENSE
998,148,FRAUD
999,148,HOMICIDE
1000,148,IDENTITY THEFT
1001,148,ILLEGAL POSSESSION
1002,148,KIDNAPPING
1003,148,PUBLIC INTOXICATION
1004,148,ROBBERY
1005,148,SEXUAL ASSAULT
1006,148,SHOPLIFTING
1007,148,TRAFFIC VIOLATION
1008,148,VANDALISM
1009,148,VEHICLE - STOLEN
1010,149,ARSON
1011,149,ASSAULT
1012,149,BURGLARY
1013,149,COUNTERFEITING
1014,149,CYBERCRIME
1015,149,DRUG OFFENSE
1016,149,EXTORTION
1017,149,FIREARM OFFENSE
1018,149,FRAUD
1019,149,HOMICIDE
1020,149,IDENTITY THEFT
1021,149,ILLEGAL POSSESSION
1022,149,KIDNAPPING
1023,149,PUBLIC INTOXICATION
1024,149,ROBBERY
1025,149,SEXUAL ASSAULT
1026,149,SHOPLIFTING
1027,149,TRAFFIC VIOLATION
1028,149,VANDALISM
1029,149,VEHICLE - STOLEN
1030,150,ARSON
1031,150,ASSAULT
1032,150,BURGLARY
1033,150,COUNTERFEITING
1034,150,CYBERCRIME
1035,150,DOMESTIC VIOLENCE
1036,150,DRUG OFFENSE
1037,150,EXTORTION
1038,150,FIREARM OFFENSE
1039,150,FRAUD
1040,150,HOMICIDE
1041,150,IDENTITY THEFT
1042,150,ILLEGAL POSSESSION
1043,150,KIDNAPPING
1044,150,PUBLIC INTOXICATION
1045,150,ROBBERY
1046,150,SEXUAL ASSAULT
1047,150,SHOPLIFTING
1048,150,TRAFFIC VIOLATION
1049,150,VANDALISM
1050,150,VEHICLE - STOLEN
1051,151,ARSON
1052,151,ASSAULT
1053,151,BURGLARY
1054,151,COUNTERFEITING
1055,151,CYBERCRIME
1056,151,DOMESTIC VIOLENCE
1057,151,DRUG OFFENSE
1058,151,EXTORTION
1059,151,FIREARM OFFENSE
1060,151,FRAUD
1061,151,HOMICIDE
1062,151,IDENTITY THEFT
1063,151,ILLEGAL POSSESSION
1064,151,KIDNAPPING
1065,151,PUBLIC INTOXICATION
1066,151,ROBBERY
1067,151,SEXUAL ASSAULT
1068,151,SHOPLIFTING
1069,151,TRAFFIC VIOLATION
1070,151,VANDALISM
1071,151,VEHICLE - STOLEN
1072,152,ARSON
1073,152,ASSAULT
1074,152,BURGLARY
1075,152,COUNTERFEITING
1076,152,CYBERCRIME
1077,152,DOMESTIC VIOLENCE
1078,152,DRUG OFFENSE
1079,152,EXTORTION
1080,152,FIREARM OFFENSE
1081,152,FRAUD
1082,152,HOMICIDE
1083,152,IDENTITY THEFT
1084,152,ILLEGAL POSSESSION
1085,152,KIDNAPPING
1086,152,PUBLIC INTOXICATION
1087,152,ROBBERY
1088,152,SEXUAL ASSAULT
1089,152,SHOPLIFTING
1090,152,TRAFFIC VIOLATION
1091,152,VANDALISM
1092,152,VEHICLE - STOLEN
1093,153,ARSON
1094,153,ASSAULT
1095,153,BURGLARY
1096,153,COUNTERFEITING
1097,153,CYBERCRIME
1098,153,DOMESTIC VIOLENCE
1099,153,DRUG OFFENSE
1100,153,EXTORTION
1101,153,FIREARM OFFENSE
1102,153,FRAUD
1103,153,HOMICIDE
1104,153,IDENTITY THEFT
1105,153,ILLEGAL POSSESSION
1106,153,KIDNAPPING
1107,153,PUBLIC INTOXICATION
1108,153,ROBBERY
1109,153,SEXUAL ASSAULT
1110,153,SHOPLIFTING
1111,153,TRAFFIC VIOLATION
1112,153,VEHICLE - STOLEN
1113,154,ARSON
1114,154,BURGLARY
1115,154,COUNTERFEITING
1116,154,CYBERCRIME
1117,154,DOMESTIC VIOLENCE
1118,154,DRUG OFFENSE
1119,154,EXTORTION
1120,154,FIREARM OFFENSE
1121,154,FRAUD
1122,154,HOMICIDE
1123,154,IDENTITY THEFT
1124,154,ILLEGAL POSSESSION
1125,154,KIDNAPPING
1126,154,PUBLIC INTOXICATION
1127,154,ROBBERY
1128,154,SEXUAL ASSAULT
1129,154,SHOPLIFTING
1130,154,TRAFFIC VIOLATION
1131,154,VANDALISM
1132,154,VEHICLE - STOLEN
1133,155,ARSON
1134,155,ASSAULT
1135,155,BURGLARY
1136,155,COUNTERFEITING
1137,155,CYBERCRIME
1138,155,DOMESTIC VIOLENCE
1139,155,DRUG OFFENSE
1140,155,EXTORTION
1141,155,FIREARM OFFENSE
1142,155,FRAUD
1143,155,HOMICIDE
1144,155,IDENTITY THEFT
1145,155,ILLEGAL POSSESSION
1146,155,KIDNAPPING
1147,155,ROBBERY
1148,155,SEXUAL ASSAULT
1149,155,SHOPLIFTING
1150,155,TRAFFIC VIOLATION
1151,155,VANDALISM
1152,155,VEHICLE - STOLEN
1153,156,ARSON
1154,156,ASSAULT
1155,156,BURGLARY
1156,156,COUNTERFEITING
1157,156,CYBERCRIME
1158,156,DOMESTIC VIOLENCE
1159,156,DRUG OFFENSE
1160,156,EXTORTION
1161,156,FIREARM OFFENSE
1162,156,FRAUD
1163,156,HOMICIDE
1164,156,IDENTITY THEFT
1165,156,ILLEGAL POSSESSION
1166,156,KIDNAPPING
1167,156,PUBLIC INTOXICATION
1168,156,ROBBERY
1169,156,SEXUAL ASSAULT
1170,156,SHOPLIFTING
1171,156,TRAFFIC VIOLATION
1172,156,VANDALISM
1173,156,VEHICLE - STOLEN
1174,157,ARSON
1175,157,ASSAULT
1176,157,BURGLARY
1177,157,COUNTERFEITING
1178,157,CYBERCRIME
1179,157,DOMESTIC VIOLENCE
1180,157,DRUG OFFENSE
1181,157,EXTORTION
1182,157,FIREARM OFFENSE
1183,157,FRAUD
1184,157,HOMICIDE
1185,157,IDENTITY THEFT
1186,157,ILLEGAL POSSESSION
1187,157,KIDNAPPING
1188,157,PUBLIC INTOXICATION
1189,157,ROBBERY
1190,157,SEXUAL ASSAULT
1191,157,SHOPLIFTING
1192,157,TRAFFIC VIOLATION
1193,157,VANDALISM
1194,157,VEHICLE - STOLEN
1195,158,ARSON
1196,158,ASSAULT
1197,158,BURGLARY
1198,158,COUNTERFEITING
1199,158,CYBERCRIME
1200,158,DOMESTIC VIOLENCE
1201,158,DRUG OFFENSE
1202,158,EXTORTION
1203,158,FIREARM OFFENSE
1204,158,FRAUD
1205,158,HOMICIDE
1206,158,IDENTITY THEFT
1207,158,ILLEGAL POSSESSION
1208,158,KIDNAPPING
1209,158,PUBLIC INTOXICATION
1210,158,ROBBERY
1211,158,SEXUAL ASSAULT
1212,158,SHOPLIFTING
1213,158,TRAFFIC VIOLATION
1214,158,VANDALISM
1215,158,VEHICLE - STOLEN
1216,159,ARSON
1217,159,ASSAULT
1218,159,BURGLARY
1219,159,COUNTERFEITING
1220,159,CYBERCRIME
1221,159,DOMESTIC VIOLENCE
1222,159,DRUG OFFENSE
1223,159,EXTORTION
1224,159,FIREARM OFFENSE
1225,159,FRAUD
1226,159,HOMICIDE
1227,159,IDENTITY THEFT
1228,159,ILLEGAL POSSESSION
1229,159,KIDNAPPING
1230,159,PUBLIC INTOXICATION
1231,159,ROBBERY
1232,159,SEXUAL ASSAULT
1233,159,SHOPLIFTING
1234,159,TRAFFIC VIOLATION
1235,159,VANDALISM
1236,159,VEHICLE - STOLEN
1237,160,ARSON
1238,160,ASSAULT
1239,160,BURGLARY
1240,160,COUNTERFEITING
1241,160,CYBERCRIME
1242,160,DOMESTIC VIOLENCE
1243,160,DRUG OFFENSE
1244,160,EXTORTION
1245,160,FIREARM OFFENSE
1246,160,FRAUD
1247,160,HOMICIDE
1248,160,IDENTITY THEFT
1249,160,ILLEGAL POSSESSION
1250,160,KIDNAPPING
1251,160,PUBLIC INTOXICATION
1252,160,ROBBERY
1253,160,SEXUAL ASSAULT
1254,160,SHOPLIFTING
1255,160,TRAFFIC VIOLATION
1256,160,VANDALISM
1257,160,VEHICLE - STOLEN
1258,161,ARSON
1259,161,ASSAULT
1260,161,BURGLARY
1261,161,COUNTERFEITING
1262,161,CYBERCRIME
1263,161,DOMESTIC VIOLENCE
1264,161,DRUG OFFENSE
1265,161,EXTORTION
1266,161,FIREARM OFFENSE
1267,161,FRAUD
1268,161,HOMICIDE
1269,161,IDENTITY THEFT
1270,161,ILLEGAL POSSESSION
1271,161,KIDNAPPING
1272,161,PUBLIC INTOXICATION
1273,161,ROBBERY
1274,161,SEXUAL ASSAULT
1275,161,SHOPLIFTING
1276,161,TRAFFIC VIOLATION
1277,161,VANDALISM
1278,161,VEHICLE - STOLEN
1279,162,ARSON
1280,162,ASSAULT
1281,162,BURGLARY
1282,162,COUNTERFEITING
1283,162,CYBERCRIME
1284,162,DOMESTIC VIOLENCE
1285,162,DRUG OFFENSE
1286,162,EXTORTION
1287,162,FIREARM OFFENSE
1288,162,FRAUD
1289,162,HOMICIDE
1290,162,IDENTITY THEFT
1291,162,ILLEGAL POSSESSION
1292,162,KIDNAPPING
1293,162,PUBLIC INTOXICATION
1294,162,ROBBERY
1295,162,SEXUAL ASSAULT
1296,162,SHOPLIFTING
1297,162,TRAFFIC VIOLATION
1298,162,VANDALISM
1299,162,VEHICLE - STOLEN
1300,163,ARSON
1301,163,ASSAULT
1302,163,BURGLARY
1303,163,COUNTERFEITING
1304,163,CYBERCRIME
1305,163,DOMESTIC VIOLENCE
1306,163,DRUG OFFENSE
1307,163,EXTORTION
1308,163,FIREARM OFFENSE
1309,163,FRAUD
1310,163,HOMICIDE
1311,163,IDENTITY THEFT
1312,163,ILLEGAL POSSESSION
1313,163,KIDNAPPING
1314,163,PUBLIC INTOXICATION
1315,163,ROBBERY
1316,163,SEXUAL ASSAULT
1317,163,SHOPLIFTING
1318,163,TRAFFIC VIOLATION
1319,163,VANDALISM
1320,163,VEHICLE - STOLEN
1321,164,ARSON
1322,164,ASSAULT
1323,164,BURGLARY
1324,164,COUNTERFEITING
1325,164,CYBERCRIME
1326,164,DOMESTIC VIOLENCE
1327,164,DRUG OFFENSE
1328,164,EXTORTION
1329,164,FIREARM OFFENSE
1330,164,FRAUD
1331,164,HOMICIDE
1332,164,IDENTITY THEFT
1333,164,ILLEGAL POSSESSION
1334,164,KIDNAPPING
1335,164,PUBLIC INTOXICATION
1336,164,ROBBERY
1337,164,SEXUAL ASSAULT
1338,164,SHOPLIFTING
1339,164,TRAFFIC VIOLATION
1340,164,VANDALISM
1341,164,VEHICLE - STOLEN
1342,165,ARSON
1343,165,ASSAULT
1344,165,BURGLARY
1345,165,COUNTERFEITING
1346,165,CYBERCRIME
1347,165,DOMESTIC VIOLENCE
1348,165,DRUG OFFENSE
1349,165,EXTORTION
1350,165,FIREARM OFFENSE
1351,165,FRAUD
1352,165,HOMICIDE
1353,165,IDENTITY THEFT
1354,165,ILLEGAL POSSESSION
1355,165,KIDNAPPING
1356,165,PUBLIC INTOXICATION
1357,165,ROBBERY
1358,165,SEXUAL ASSAULT
1359,165,SHOPLIFTING
1360,165,TRAFFIC VIOLATION
1361,165,VANDALISM
1362,165,VEHICLE - STOLEN
1363,166,ARSON
1364,166,ASSAULT
1365,166,BURGLARY
1366,166,COUNTERFEITING
1367,166,CYBERCRIME
1368,166,DOMESTIC VIOLENCE
1369,166,DRUG OFFENSE
1370,166,EXTORTION
1371,166,FIREARM OFFENSE
1372,166,FRAUD
1373,166,HOMICIDE
1374,166,IDENTITY THEFT
1375,166,ILLEGAL POSSESSION
1376,166,KIDNAPPING
1377,166,PUBLIC INTOXICATION
1378,166,ROBBERY
1379,166,SEXUAL ASSAULT
1380,166,SHOPLIFTING
1381,166,TRAFFIC VIOLATION
1382,166,VANDALISM
1383,166,VEHICLE - STOLEN
1384,167,ARSON
1385,167,ASSAULT
1386,167,BURGLARY
1387,167,COUNTERFEITING
1388,167,CYBERCRIME
1389,167,DRUG OFFENSE
1390,167,EXTORTION
1391,167,FIREARM OFFENSE
1392,167,FRAUD
1393,167,HOMICIDE
1394,167,IDENTITY THEFT
1395,167,ILLEGAL POSSESSION
1396,167,KIDNAPPING
1397,167,PUBLIC INTOXICATION
1398,167,ROBBERY
1399,167,SEXUAL ASSAULT
1400,167,SHOPLIFTING
1401,167,TRAFFIC VIOLATION
1402,167,VANDALISM
1403,167,VEHICLE - STOLEN
1404,168,ARSON
1405,168,ASSAULT
1406,168,BURGLARY
1407,168,COUNTERFEITING
1408,168,CYBERCRIME
1409,168,DOMESTIC VIOLENCE
1410,168,DRUG OFFENSE
1411,168,FIREARM OFFENSE
1412,168,FRAUD
1413,168,HOMICIDE
1414,168,IDENTITY THEFT
1415,168,ILLEGAL POSSESSION
1416,168,KIDNAPPING
1417,168,PUBLIC INTOXICATION
1418,168,ROBBERY
1419,168,SEXUAL ASSAULT
1420,168,SHOPLIFTING
1421,168,TRAFFIC VIOLATION
1422,168,VANDALISM
1423,168,VEHICLE - STOLEN
1424,169,ARSON
1425,169,ASSAULT
1426,169,BURGLARY
1427,169,COUNTERFEITING
1428,169,CYBERCRIME
1429,169,DOMESTIC VIOLENCE
1430,169,DRUG OFFENSE
1431,169,EXTORTION
1432,169,FIREARM OFFENSE
1433,169,FRAUD
1434,169,HOMICIDE
1435,169,IDENTITY THEFT
1436,169,ILLEGAL POSSESSION
1437,169,KIDNAPPING
1438,169,PUBLIC INTOXICATION
1439,169,ROBBERY
1440,169,SEXUAL ASSAULT
1441,169,SHOPLIFTING
1442,169,VANDALISM
1443,169,VEHICLE - STOLEN
1444,170,ARSON
1445,170,ASSAULT
1446,170,BURGLARY
1447,170,COUNTERFEITING
1448,170,CYBERCRIME
1449,170,DOMESTIC VIOLENCE
1450,170,DRUG OFFENSE
1451,170,EXTORTION
1452,170,FIREARM OFFENSE
1453,170,FRAUD
1454,170,HOMICIDE
1455,170,IDENTITY THEFT
1456,170,ILLEGAL POSSESSION
1457,170,KIDNAPPING
1458,170,PUBLIC INTOXICATION
1459,170,ROBBERY
1460,170,SEXUAL ASSAULT
1461,170,SHOPLIFTING
1462,170,TRAFFIC VIOLATION
1463,170,VANDALISM
1464,170,VEHICLE - STOLEN
1465,171,ARSON
1466,171,ASSAULT
1467,171,BURGLARY
1468,171,COUNTERFEITING
1469,171,CYBERCRIME
1470,171,DOMESTIC VIOLENCE
1471,171,DRUG OFFENSE
1472,171,EXTORTION
1473,171,FIREARM OFFENSE
1474,171,FRAUD
1475,171,HOMICIDE
1476,171,IDENTITY THEFT
1477,171,ILLEGAL POSSESSION
1478,171,KIDNAPPING
1479,171,PUBLIC INTOXICATION
1480,171,ROBBERY
1481,171,SEXUAL ASSAULT
1482,171,SHOPLIFTING
1483,171,TRAFFIC VIOLATION
1484,171,VANDALISM
1485,171,VEHICLE - STOLEN
1486,172,ARSON
1487,172,ASSAULT
1488,172,BURGLARY
1489,172,COUNTERFEITING
1490,172,CYBERCRIME
1491,172,DOMESTIC VIOLENCE
1492,172,DRUG OFFENSE
1493,172,EXTORTION
1494,172,FIREARM OFFENSE
1495,172,FRAUD
1496,172,HOMICIDE
1497,172,IDENTITY THEFT
1498,172,ILLEGAL POSSESSION
1499,172,KIDNAPPING
1500,172,PUBLIC INTOXICATION
1501,172,ROBBERY
1502,172,SEXUAL ASSAULT
1503,172,SHOPLIFTING
1504,172,TRAFFIC VIOLATION
1505,172,VANDALISM
1506,172,VEHICLE - STOLEN
1507,173,ARSON
1508,173,ASSAULT
1509,173,BURGLARY
1510,173,COUNTERFEITING
1511,173,CYBERCRIME
1512,173,DOMESTIC VIOLENCE
1513,173,DRUG OFFENSE
1514,173,EXTORTION
1515,173,FIREARM OFFENSE
1516,173,FRAUD
1517,173,HOMICIDE
1518,173,IDENTITY THEFT
1519,173,ILLEGAL POSSESSION
1520,173,KIDNAPPING
1521,173,PUBLIC INTOXICATION
1522,173,ROBBERY
1523,173,SEXUAL ASSAULT
1524,173,SHOPLIFTING
1525,173,TRAFFIC VIOLATION
1526,173,VANDALISM
1527,173,VEHICLE - STOLEN
1528,174,ARSON
1529,174,ASSAULT
1530,174,BURGLARY
1531,174,COUNTERFEITING
1532,174,CYBERCRIME
1533,174,DOMESTIC VIOLENCE
1534,174,DRUG OFFENSE
1535,174,EXTORTION
1536,174,FIREARM OFFENSE
1537,174,FRAUD
1538,174,HOMICIDE
1539,174,IDENTITY THEFT
1540,174,ILLEGAL POSSESSION
1541,174,KIDNAPPING
1542,174,PUBLIC INTOXICATION
1543,174,ROBBERY
1544,174,SEXUAL ASSAULT
1545,174,SHOPLIFTING
1546,174,TRAFFIC VIOLATION
1547,174,VANDALISM
1548,174,VEHICLE - STOLEN
1549,175,ARSON
1550,175,ASSAULT
1551,175,BURGLARY
1552,175,COUNTERFEITING
1553,175,CYBERCRIME
1554,175,DOMESTIC VIOLENCE
1555,175,DRUG OFFENSE
1556,175,EXTORTION
1557,175,FIREARM OFFENSE
1558,175,FRAUD
1559,175,HOMICIDE
1560,175,IDENTITY THEFT
1561,175,ILLEGAL POSSESSION
1562,175,KIDNAPPING
1563,175,PUBLIC INTOXICATION
1564,175,ROBBERY
1565,175,SEXUAL ASSAULT
1566,175,SHOPLIFTING
1567,175,TRAFFIC VIOLATION
1568,175,VANDALISM
1569,175,VEHICLE - STOLEN
1570,176,ARSON
1571,176,ASSAULT
1572,176,BURGLARY
1573,176,COUNTERFEITING
1574,176,CYBERCRIME
1575,176,DOMESTIC VIOLENCE
1576,176,DRUG OFFENSE
1577,176,EXTORTION
1578,176,FIREARM OFFENSE
1579,176,FRAUD
1580,176,HOMICIDE
1581,176,IDENTITY THEFT
1582,176,ILLEGAL POSSESSION
1583,176,KIDNAPPING
1584,176,PUBLIC INTOXICATION
1585,176,ROBBERY
1586,176,SEXUAL ASSAULT
1587,176,SHOPLIFTING
1588,176,TRAFFIC VIOLATION
1589,176,VANDALISM
1590,176,VEHICLE - STOLEN
1591,177,ARSON
1592,177,ASSAULT
1593,177,BURGLARY
1594,177,COUNTERFEITING
1595,177,CYBERCRIME
1596,177,DOMESTIC VIOLENCE
1597,177,DRUG OFFENSE
1598,177,EXTORTION
1599,177,FIREARM OFFENSE
1600,177,FRAUD
1601,177,HOMICIDE
1602,177,IDENTITY THEFT
1603,177,ILLEGAL POSSESSION
1604,177,KIDNAPPING
1605,177,PUBLIC INTOXICATION
1606,177,ROBBERY
1607,177,SEXUAL ASSAULT
1608,177,TRAFFIC VIOLATION
1609,177,VANDALISM
1610,177,VEHICLE - STOLEN
1611,178,ARSON
1612,178,ASSAULT
1613,178,BURGLARY
1614,178,COUNTERFEITING
1615,178,CYBERCRIME
1616,178,DOMESTIC VIOLENCE
1617,178,DRUG OFFENSE
1618,178,EXTORTION
1619,178,FIREARM OFFENSE
1620,178,FRAUD
1621,178,HOMICIDE
1622,178,IDENTITY THEFT
1623,178,ILLEGAL POSSESSION
1624,178,KIDNAPPING
1625,178,PUBLIC INTOXICATION
1626,178,ROBBERY
1627,178,SEXUAL ASSAULT
1628,178,SHOPLIFTING
1629,178,TRAFFIC VIOLATION
1630,178,VANDALISM
1631,178,VEHICLE - STOLEN
1632,179,ARSON
1633,179,ASSAULT
1634,179,BURGLARY
1635,179,COUNTERFEITING
1636,179,CYBERCRIME
1637,179,DOMESTIC VIOLENCE
1638,179,DRUG OFFENSE
1639,179,EXTORTION
1640,179,FIREARM OFFENSE
1641,179,FRAUD
1642,179,HOMICIDE
1643,179,IDENTITY THEFT
1644,179,ILLEGAL POSSESSION
1645,179,KIDNAPPING
1646,179,PUBLIC INTOXICATION
1647,179,ROBBERY
1648,179,SEXUAL ASSAULT
1649,179,SHOPLIFTING
1650,179,TRAFFIC VIOLATION
1651,179,VANDALISM
1652,179,VEHICLE - STOLEN
1653,180,ASSAULT
1654,180,BURGLARY
1655,180,COUNTERFEITING
1656,180,CYBERCRIME
1657,180,DOMESTIC VIOLENCE
1658,180,DRUG OFFENSE
1659,180,EXTORTION
1660,180,FIREARM OFFENSE
1661,180,FRAUD
1662,180,HOMICIDE
1663,180,IDENTITY THEFT
1664,180,ILLEGAL POSSESSION
1665,180,KIDNAPPING
1666,180,PUBLIC INTOXICATION
1667,180,ROBBERY
1668,180,SEXUAL ASSAULT
1669,180,SHOPLIFTING
1670,180,TRAFFIC VIOLATION
1671,180,VANDALISM
1672,180,VEHICLE - STOLEN
1673,181,ARSON
1674,181,ASSAULT
1675,181,BURGLARY
1676,181,COUNTERFEITING
1677,181,CYBERCRIME
1678,181,DOMESTIC VIOLENCE
1679,181,DRUG OFFENSE
1680,181,EXTORTION
1681,181,FIREARM OFFENSE
1682,181,FRAUD
1683,181,HOMICIDE
1684,181,IDENTITY THEFT
1685,181,ILLEGAL POSSESSION
1686,181,KIDNAPPING
1687,181,PUBLIC INTOXICATION
1688,181,ROBBERY
1689,181,SEXUAL ASSAULT
1690,181,SHOPLIFTING
1691,181,TRAFFIC VIOLATION
1692,181,VANDALISM
1693,181,VEHICLE - STOLEN
1694,182,ASSAULT
1695,182,BURGLARY
1696,182,COUNTERFEITING
1697,182,CYBERCRIME
1698,182,DOMESTIC VIOLENCE
1699,182,DRUG OFFENSE
1700,182,EXTORTION
1701,182,FIREARM OFFENSE
1702,182,FRAUD
1703,182,HOMICIDE
1704,182,ILLEGAL POSSESSION
1705,182,KIDNAPPING
1706,182,PUBLIC INTOXICATION
1707,182,ROBBERY
1708,182,SEXUAL ASSAULT
1709,182,SHOPLIFTING
1710,182,TRAFFIC VIOLATION
1711,182,VANDALISM
1712,182,VEHICLE - STOLEN
1713,183,ARSON
1714,183,ASSAULT
1715,183,BURGLARY
1716,183,COUNTERFEITING
1717,183,CYBERCRIME
1718,183,DOMESTIC VIOLENCE
1719,183,DRUG OFFENSE
1720,183,EXTORTION
1721,183,FIREARM OFFENSE
1722,183,FRAUD
1723,183,HOMICIDE
1724,183,IDENTITY THEFT
1725,183,ILLEGAL POSSESSION
1726,183,KIDNAPPING
1727,183,PUBLIC INTOXICATION
1728,183,ROBBERY
1729,183,SEXUAL ASSAULT
1730,183,SHOPLIFTING
1731,183,TRAFFIC VIOLATION
1732,183,VANDALISM
1733,183,VEHICLE - STOLEN
1734,184,ARSON
1735,184,ASSAULT
1736,184,BURGLARY
1737,184,COUNTERFEITING
1738,184,CYBERCRIME
1739,184,DOMESTIC VIOLENCE
1740,184,DRUG OFFENSE
1741,184,EXTORTION
1742,184,FIREARM OFFENSE
1743,184,FRAUD
1744,184,HOMICIDE
1745,184,IDENTITY THEFT
1746,184,ILLEGAL POSSESSION
1747,184,KIDNAPPING
1748,184,PUBLIC INTOXICATION
1749,184,ROBBERY
1750,184,SEXUAL ASSAULT
1751,184,SHOPLIFTING
1752,184,TRAFFIC VIOLATION
1753,184,VANDALISM
1754,184,VEHICLE - STOLEN
1755,185,ARSON
1756,185,ASSAULT
1757,185,BURGLARY
1758,185,COUNTERFEITING
1759,185,CYBERCRIME
1760,185,DOMESTIC VIOLENCE
1761,185,DRUG OFFENSE
1762,185,EXTORTION
1763,185,FIREARM OFFENSE
1764,185,FRAUD
1765,185,HOMICIDE
1766,185,IDENTITY THEFT
1767,185,ILLEGAL POSSESSION
1768,185,KIDNAPPING
1769,185,PUBLIC INTOXICATION
1770,185,ROBBERY
1771,185,SEXUAL ASSAULT
1772,185,SHOPLIFTING
1773,185,TRAFFIC VIOLATION
1774,185,VANDALISM
1775,186,ARSON
1776,186,ASSAULT
1777,186,BURGLARY
1778,186,COUNTERFEITING
1779,186,CYBERCRIME
1780,186,DOMESTIC VIOLENCE
1781,186,DRUG OFFENSE
1782,186,EXTORTION
1783,186,FIREARM OFFENSE
1784,186,FRAUD
1785,186,HOMICIDE
1786,186,IDENTITY THEFT
1787,186,ILLEGAL POSSESSION
1788,186,KIDNAPPING
1789,186,PUBLIC INTOXICATION
1790,186,ROBBERY
1791,186,SEXUAL ASSAULT
1792,186,SHOPLIFTING
1793,186,TRAFFIC VIOLATION
1794,186,VANDALISM
1795,186,VEHICLE - STOLEN
1796,187,ARSON
1797,187,ASSAULT
1798,187,BURGLARY
1799,187,COUNTERFEITING
1800,187,CYBERCRIME
1801,187,DOMESTIC VIOLENCE
1802,187,DRUG OFFENSE
1803,187,EXTORTION
1804,187,FIREARM OFFENSE
1805,187,FRAUD
1806,187,HOMICIDE
1807,187,IDENTITY THEFT
1808,187,ILLEGAL POSSESSION
1809,187,KIDNAPPING
1810,187,PUBLIC INTOXICATION
1811,187,ROBBERY
1812,187,SEXUAL ASSAULT
1813,187,SHOPLIFTING
1814,187,TRAFFIC VIOLATION
1815,187,VANDALISM
1816,187,VEHICLE - STOLEN
1817,188,ARSON
1818,188,BURGLARY
1819,188,COUNTERFEITING
1820,188,CYBERCRIME
1821,188,DOMESTIC VIOLENCE
1822,188,DRUG OFFENSE
1823,188,EXTORTION
1824,188,FIREARM OFFENSE
1825,188,FRAUD
1826,188,HOMICIDE
1827,188,IDENTITY THEFT
1828,188,ILLEGAL POSSESSION
1829,188,KIDNAPPING
1830,188,PUBLIC INTOXICATION
1831,188,ROBBERY
1832,188,SEXUAL ASSAULT
1833,188,SHOPLIFTING
1834,188,TRAFFIC VIOLATION
1835,188,VANDALISM
1836,188,VEHICLE - STOLEN
1837,189,ARSON
1838,189,ASSAULT
1839,189,BURGLARY
1840,189,COUNTERFEITING
1841,189,CYBERCRIME
1842,189,DOMESTIC VIOLENCE
1843,189,DRUG OFFENSE
1844,189,EXTORTION
1845,189,FIREARM OFFENSE
1846,189,FRAUD
1847,189,HOMICIDE
1848,189,IDENTITY THEFT
1849,189,ILLEGAL POSSESSION
1850,189,KIDNAPPING
1851,189,PUBLIC INTOXICATION
1852,189,ROBBERY
1853,189,SEXUAL ASSAULT
1854,189,SHOPLIFTING
1855,189,TRAFFIC VIOLATION
1856,189,VANDALISM
1857,189,VEHICLE - STOLEN
1858,190,ARSON
1859,190,ASSAULT
1860,190,BURGLARY
1861,190,COUNTERFEITING
1862,190,CYBERCRIME
1863,190,DOMESTIC VIOLENCE
1864,190,DRUG OFFENSE
1865,190,EXTORTION
1866,190,FIREARM OFFENSE
1867,190,FRAUD
1868,190,HOMICIDE
1869,190,IDENTITY THEFT
1870,190,ILLEGAL POSSESSION
1871,190,KIDNAPPING
1872,190,PUBLIC INTOXICATION
1873,190,ROBBERY
1874,190,SEXUAL ASSAULT
1875,190,SHOPLIFTING
1876,190,TRAFFIC VIOLATION
1877,190,VANDALISM
1878,190,VEHICLE - STOLEN
1879,191,ARSON
1880,191,ASSAULT
1881,191,BURGLARY
1882,191,COUNTERFEITING
1883,191,CYBERCRIME
1884,191,DRUG OFFENSE
1885,191,EXTORTION
1886,191,FIREARM OFFENSE
1887,191,FRAUD
1888,191,HOMICIDE
1889,191,IDENTITY THEFT
1890,191,ILLEGAL POSSESSION
1891,191,KIDNAPPING
1892,191,PUBLIC INTOXICATION
1893,191,ROBBERY
1894,191,SEXUAL ASSAULT
1895,191,SHOPLIFTING
1896,191,TRAFFIC VIOLATION
1897,191,VANDALISM
1898,191,VEHICLE - STOLEN
1899,192,ARSON
1900,192,ASSAULT
1901,192,BURGLARY
1902,192,COUNTERFEITING
1903,192,CYBERCRIME
1904,192,DOMESTIC VIOLENCE
1905,192,DRUG OFFENSE
1906,192,EXTORTION
1907,192,FIREARM OFFENSE
1908,192,FRAUD
1909,192,HOMICIDE
1910,192,IDENTITY THEFT
1911,192,ILLEGAL POSSESSION
1912,192,KIDNAPPING
1913,192,ROBBERY
1914,192,SEXUAL ASSAULT
1915,192,SHOPLIFTING
1916,192,TRAFFIC VIOLATION
1917,192,VANDALISM
1918,192,VEHICLE - STOLEN
1919,193,ARSON
1920,193,ASSAULT
1921,193,BURGLARY
1922,193,CYBERCRIME
1923,193,DOMESTIC VIOLENCE
1924,193,DRUG OFFENSE
1925,193,EXTORTION
1926,193,FIREARM OFFENSE
1927,193,FRAUD
1928,193,HOMICIDE
1929,193,IDENTITY THEFT
1930,193,ILLEGAL POSSESSION
1931,193,KIDNAPPING
1932,193,PUBLIC INTOXICATION
1933,193,ROBBERY
1934,193,SEXUAL ASSAULT
1935,193,SHOPLIFTING
1936,193,TRAFFIC VIOLATION
1937,193,VANDALISM
1938,193,VEHICLE - STOLEN
1939,194,ARSON
1940,194,ASSAULT
1941,194,BURGLARY
1942,194,COUNTERFEITING
1943,194,CYBERCRIME
1944,194,DOMESTIC VIOLENCE
1945,194,DRUG OFFENSE
1946,194,EXTORTION
1947,194,FIREARM OFFENSE
1948,194,FRAUD
1949,194,HOMICIDE
1950,194,IDENTITY THEFT
1951,194,ILLEGAL POSSESSION
1952,194,KIDNAPPING
1953,194,PUBLIC INTOXICATION
1954,194,ROBBERY
1955,194,SEXUAL ASSAULT
1956,194,SHOPLIFTING
1957,194,TRAFFIC VIOLATION
1958,194,VANDALISM
1959,194,VEHICLE - STOLEN
1960,195,ARSON
1961,195,ASSAULT
1962,195,BURGLARY
1963,195,COUNTERFEITING
1964,195,CYBERCRIME
1965,195,DOMESTIC VIOLENCE
1966,195,DRUG OFFENSE
1967,195,EXTORTION
1968,195,FIREARM OFFENSE
1969,195,FRAUD
1970,195,HOMICIDE
1971,195,IDENTITY THEFT
1972,195,ILLEGAL POSSESSION
1973,195,KIDNAPPING
1974,195,PUBLIC INTOXICATION
1975,195,ROBBERY
1976,195,SEXUAL ASSAULT
1977,195,SHOPLIFTING
1978,195,TRAFFIC VIOLATION
1979,195,VANDALISM
1980,195,VEHICLE - STOLEN
1981,196,ARSON
1982,196,ASSAULT
1983,196,BURGLARY
1984,196,COUNTERFEITING
1985,196,CYBERCRIME
1986,196,DOMESTIC VIOLENCE
1987,196,DRUG OFFENSE
1988,196,EXTORTION
1989,196,FIREARM OFFENSE
1990,196,FRAUD
1991,196,HOMICIDE
1992,196,IDENTITY THEFT
1993,196,ILLEGAL POSSESSION
1994,196,KIDNAPPING
1995,196,PUBLIC INTOXICATION
1996,196,ROBBERY
1997,196,SEXUAL ASSAULT
1998,196,SHOPLIFTING
1999,196,TRAFFIC VIOLATION
2000,196,VANDALISM
2001,196,VEHICLE - STOLEN
2002,197,ARSON
2003,197,ASSAULT
2004,197,BURGLARY
2005,197,COUNTERFEITING
2006,197,CYBERCRIME
2007,197,DOMESTIC VIOLENCE
2008,197,DRUG OFFENSE
2009,197,EXTORTION
2010,197,FIREARM OFFENSE
2011,197,FRAUD
2012,197,HOMICIDE
2013,197,IDENTITY THEFT
2014,197,ILLEGAL POSSESSION
2015,197,KIDNAPPING
2016,197,PUBLIC INTOXICATION
2017,197,ROBBERY
2018,197,SEXUAL ASSAULT
2019,197,SHOPLIFTING
2020,197,TRAFFIC VIOLATION
2021,197,VANDALISM
2022,197,VEHICLE - STOLEN
2023,198,ARSON
2024,198,ASSAULT
2025,198,BURGLARY
2026,198,COUNTERFEITING
2027,198,CYBERCRIME
2028,198,DOMESTIC VIOLENCE
2029,198,DRUG OFFENSE
2030,198,EXTORTION
2031,198,FIREARM OFFENSE
2032,198,FRAUD
2033,198,HOMICIDE
2034,198,IDENTITY THEFT
2035,198,ILLEGAL POSSESSION
2036,198,KIDNAPPING
2037,198,PUBLIC INTOXICATION
2038,198,ROBBERY
2039,198,SEXUAL ASSAULT
2040,198,SHOPLIFTING
2041,198,TRAFFIC VIOLATION
2042,198,VANDALISM
2043,198,VEHICLE - STOLEN
2044,199,ARSON
2045,199,ASSAULT
2046,199,BURGLARY
2047,199,COUNTERFEITING
2048,199,CYBERCRIME
2049,199,DOMESTIC VIOLENCE
2050,199,DRUG OFFENSE
2051,199,EXTORTION
2052,199,FIREARM OFFENSE
2053,199,FRAUD
2054,199,HOMICIDE
2055,199,IDENTITY THEFT
2056,199,ILLEGAL POSSESSION
2057,199,KIDNAPPING
2058,199,PUBLIC INTOXICATION
2059,199,ROBBERY
2060,199,SEXUAL ASSAULT
2061,199,SHOPLIFTING
2062,199,TRAFFIC VIOLATION
2063,199,VANDALISM
2064,199,VEHICLE - STOLEN
2065,200,ARSON
2066,200,ASSAULT
2067,200,BURGLARY
2068,200,COUNTERFEITING
2069,200,CYBERCRIME
2070,200,DOMESTIC VIOLENCE
2071,200,DRUG OFFENSE
2072,200,EXTORTION
2073,200,FIREARM OFFENSE
2074,200,FRAUD
2075,200,HOMICIDE
2076,200,IDENTITY THEFT
2077,200,ILLEGAL POSSESSION
2078,200,KIDNAPPING
2079,200,PUBLIC INTOXICATION
2080,200,ROBBERY
2081,200,SEXUAL ASSAULT
2082,200,SHOPLIFTING
2083,200,TRAFFIC VIOLATION
2084,200,VEHICLE - STOLEN
2085,201,ARSON
2086,201,ASSAULT
2087,201,BURGLARY
2088,201,COUNTERFEITING
2089,201,CYBERCRIME
2090,201,DOMESTIC VIOLENCE
2091,201,DRUG OFFENSE
2092,201,EXTORTION
2093,201,FIREARM OFFENSE
2094,201,FRAUD
2095,201,HOMICIDE
2096,201,ILLEGAL POSSESSION
2097,201,KIDNAPPING
2098,201,PUBLIC INTOXICATION
2099,201,ROBBERY
2100,201,SEXUAL ASSAULT
2101,201,SHOPLIFTING
2102,201,TRAFFIC VIOLATION
2103,201,VANDALISM
2104,201,VEHICLE - STOLEN
2105,202,ARSON
2106,202,ASSAULT
2107,202,BURGLARY
2108,202,COUNTERFEITING
2109,202,CYBERCRIME
2110,202,DOMESTIC VIOLENCE
2111,202,DRUG OFFENSE
2112,202,EXTORTION
2113,202,FIREARM OFFENSE
2114,202,FRAUD
2115,202,HOMICIDE
2116,202,ILLEGAL POSSESSION
2117,202,KIDNAPPING
2118,202,PUBLIC INTOXICATION
2119,202,ROBBERY
2120,202,SEXUAL ASSAULT
2121,202,SHOPLIFTING
2122,202,TRAFFIC VIOLATION
2123,202,VANDALISM
2124,202,VEHICLE - STOLEN
2125,203,ARSON
2126,203,ASSAULT
2127,203,BURGLARY
2128,203,COUNTERFEITING
2129,203,CYBERCRIME
2130,203,DOMESTIC VIOLENCE
2131,203,DRUG OFFENSE
2132,203,EXTORTION
2133,203,FIREARM OFFENSE
2134,203,FRAUD
2135,203,HOMICIDE
2136,203,IDENTITY THEFT
2137,203,ILLEGAL POSSESSION
2138,203,KIDNAPPING
2139,203,PUBLIC INTOXICATION
2140,203,ROBBERY
2141,203,SEXUAL ASSAULT
2142,203,SHOPLIFTING
2143,203,TRAFFIC VIOLATION
2144,203,VANDALISM
2145,203,VEHICLE - STOLEN
2146,204,ARSON
2147,204,ASSAULT
2148,204,BURGLARY
2149,204,COUNTERFEITING
2150,204,CYBERCRIME
2151,204,DOMESTIC VIOLENCE
2152,204,DRUG OFFENSE
2153,204,EXTORTION
2154,204,FIREARM OFFENSE
2155,204,FRAUD
2156,204,HOMICIDE
2157,204,IDENTITY THEFT
2158,204,ILLEGAL POSSESSION
2159,204,KIDNAPPING
2160,204,PUBLIC INTOXICATION
2161,204,ROBBERY
2162,204,SEXUAL ASSAULT
2163,204,SHOPLIFTING
2164,204,TRAFFIC VIOLATION
2165,204,VANDALISM
2166,204,VEHICLE - STOLEN
2167,205,ARSON
2168,205,ASSAULT
2169,205,BURGLARY
2170,205,COUNTERFEITING
2171,205,CYBERCRIME
2172,205,DOMESTIC VIOLENCE
2173,205,DRUG OFFENSE
2174,205,EXTORTION
2175,205,FIREARM OFFENSE
2176,205,FRAUD
2177,205,HOMICIDE
2178,205,IDENTITY THEFT
2179,205,ILLEGAL POSSESSION
2180,205,KIDNAPPING
2181,205,PUBLIC INTOXICATION
2182,205,ROBBERY
2183,205,SEXUAL ASSAULT
2184,205,SHOPLIFTING
2185,205,TRAFFIC VIOLATION
2186,205,VANDALISM
2187,205,VEHICLE - STOLEN
2188,206,ARSON
2189,206,ASSAULT
2190,206,BURGLARY
2191,206,COUNTERFEITING
2192,206,CYBERCRIME
2193,206,DOMESTIC VIOLENCE
2194,206,DRUG OFFENSE
2195,206,EXTORTION
2196,206,FIREARM OFFENSE
2197,206,FRAUD
2198,206,HOMICIDE
2199,206,IDENTITY THEFT
2200,206,ILLEGAL POSSESSION
2201,206,KIDNAPPING
2202,206,PUBLIC INTOXICATION
2203,206,ROBBERY
2204,206,SEXUAL ASSAULT
2205,206,SHOPLIFTING
2206,206,TRAFFIC VIOLATION
2207,206,VANDALISM
2208,206,VEHICLE - STOLEN
2209,207,ARSON
2210,207,ASSAULT
2211,207,BURGLARY
2212,207,COUNTERFEITING
2213,207,CYBERCRIME
2214,207,DOMESTIC VIOLENCE
2215,207,DRUG OFFENSE
2216,207,EXTORTION
2217,207,FIREARM OFFENSE
2218,207,FRAUD
2219,207,HOMICIDE
2220,207,IDENTITY THEFT
2221,207,ILLEGAL POSSESSION
2222,207,KIDNAPPING
2223,207,PUBLIC INTOXICATION
2224,207,ROBBERY
2225,207,SEXUAL ASSAULT
2226,207,SHOPLIFTING
2227,207,TRAFFIC VIOLATION
2228,207,VANDALISM
2229,207,VEHICLE - STOLEN
2230,208,ARSON
2231,208,ASSAULT
2232,208,BURGLARY
2233,208,COUNTERFEITING
2234,208,CYBERCRIME
2235,208,DRUG OFFENSE
2236,208,EXTORTION
2237,208,FIREARM OFFENSE
2238,208,FRAUD
2239,208,HOMICIDE
2240,208,IDENTITY THEFT
2241,208,ILLEGAL POSSESSION
2242,208,KIDNAPPING
2243,208,PUBLIC INTOXICATION
2244,208,ROBBERY
2245,208,SEXUAL ASSAULT
2246,208,SHOPLIFTING
2247,208,TRAFFIC VIOLATION
2248,208,VANDALISM
2249,208,VEHICLE - STOLEN
2250,209,ARSON
2251,209,ASSAULT
2252,209,COUNTERFEITING
2253,209,CYBERCRIME
2254,209,DOMESTIC VIOLENCE
2255,209,DRUG OFFENSE
2256,209,EXTORTION
2257,209,FIREARM OFFENSE
2258,209,FRAUD
2259,209,HOMICIDE
2260,209,IDENTITY THEFT
2261,209,ILLEGAL POSSESSION
2262,209,KIDNAPPING
2263,209,PUBLIC INTOXICATION
2264,209,ROBBERY
2265,209,SEXUAL ASSAULT
2266,209,SHOPLIFTING
2267,209,TRAFFIC VIOLATION
2268,209,VANDALISM
2269,210,ARSON
2270,210,ASSAULT
2271,210,BURGLARY
2272,210,COUNTERFEITING
2273,210,CYBERCRIME
2274,210,DOMESTIC VIOLENCE
2275,210,DRUG OFFENSE
2276,210,EXTORTION
2277,210,FIREARM OFFENSE
2278,210,FRAUD
2279,210,HOMICIDE
2280,210,IDENTITY THEFT
2281,210,ILLEGAL POSSESSION
2282,210,KIDNAPPING
2283,210,PUBLIC INTOXICATION
2284,210,ROBBERY
2285,210,SEXUAL ASSAULT
2286,210,SHOPLIFTING
2287,210,TRAFFIC VIOLATION
2288,210,VANDALISM
2289,210,VEHICLE - STOLEN
2290,211,ARSON
2291,211,ASSAULT
2292,211,BURGLARY
2293,211,COUNTERFEITING
2294,211,CYBERCRIME
2295,211,DOMESTIC VIOLENCE
2296,211,DRUG OFFENSE
2297,211,EXTORTION
2298,211,FIREARM OFFENSE
2299,211,FRAUD
2300,211,HOMICIDE
2301,211,IDENTITY THEFT
2302,211,ILLEGAL POSSESSION
2303,211,KIDNAPPING
2304,211,PUBLIC INTOXICATION
2305,211,ROBBERY
2306,211,SEXUAL ASSAULT
2307,211,SHOPLIFTING
2308,211,TRAFFIC VIOLATION
2309,211,VANDALISM
2310,211,VEHICLE - STOLEN
2311,212,ARSON
2312,212,ASSAULT
2313,212,BURGLARY
2314,212,COUNTERFEITING
2315,212,CYBERCRIME
2316,212,DOMESTIC VIOLENCE
2317,212,DRUG OFFENSE
2318,212,EXTORTION
2319,212,FIREARM OFFENSE
2320,212,FRAUD
2321,212,HOMICIDE
2322,212,IDENTITY THEFT
2323,212,ILLEGAL POSSESSION
2324,212,KIDNAPPING
2325,212,PUBLIC INTOXICATION
2326,212,ROBBERY
2327,212,SEXUAL ASSAULT
2328,212,SHOPLIFTING
2329,212,TRAFFIC VIOLATION
2330,212,VANDALISM
2331,212,VEHICLE - STOLEN
2332,213,ARSON
2333,213,ASSAULT
2334,213,BURGLARY
2335,213,COUNTERFEITING
2336,213,CYBERCRIME
2337,213,DOMESTIC VIOLENCE
2338,213,DRUG OFFENSE
2339,213,EXTORTION
2340,213,FIREARM OFFENSE
2341,213,FRAUD
2342,213,HOMICIDE
2343,213,IDENTITY THEFT
2344,213,ILLEGAL POSSESSION
2345,213,KIDNAPPING
2346,213,PUBLIC INTOXICATION
2347,213,ROBBERY
2348,213,SEXUAL ASSAULT
2349,213,SHOPLIFTING
2350,213,TRAFFIC VIOLATION
2351,213,VANDALISM
2352,213,VEHICLE - STOLEN
2353,214,ARSON
2354,214,ASSAULT
2355,214,BURGLARY
2356,214,COUNTERFEITING
2357,214,CYBERCRIME
2358,214,DOMESTIC VIOLENCE
2359,214,DRUG OFFENSE
2360,214,FIREARM OFFENSE
2361,214,FRAUD
2362,214,HOMICIDE
2363,214,IDENTITY THEFT
2364,214,ILLEGAL POSSESSION
2365,214,KIDNAPPING
2366,214,PUBLIC INTOXICATION
2367,214,ROBBERY
2368,214,SEXUAL ASSAULT
2369,214,SHOPLIFTING
2370,214,TRAFFIC VIOLATION
2371,214,VANDALISM
2372,214,VEHICLE - STOLEN
2373,215,ARSON
2374,215,ASSAULT
2375,215,BURGLARY
2376,215,COUNTERFEITING
2377,215,CYBERCRIME
2378,215,DOMESTIC VIOLENCE
2379,215,DRUG OFFENSE
2380,215,EXTORTION
2381,215,FIREARM OFFENSE
2382,215,FRAUD
2383,215,HOMICIDE
2384,215,IDENTITY THEFT
2385,215,ILLEGAL POSSESSION
2386,215,KIDNAPPING
2387,215,PUBLIC INTOXICATION
2388,215,ROBBERY
2389,215,SEXUAL ASSAULT
2390,215,SHOPLIFTING
2391,215,TRAFFIC VIOLATION
2392,215,VANDALISM
2393,215,VEHICLE - STOLEN
2394,216,ASSAULT
2395,216,BURGLARY
2396,216,COUNTERFEITING
2397,216,CYBERCRIME
2398,216,DOMESTIC VIOLENCE
2399,216,DRUG OFFENSE
2400,216,EXTORTION
2401,216,FIREARM OFFENSE
2402,216,FRAUD
2403,216,HOMICIDE
2404,216,IDENTITY THEFT
2405,216,ILLEGAL POSSESSION
2406,216,KIDNAPPING
2407,216,PUBLIC INTOXICATION
2408,216,ROBBERY
2409,216,SEXUAL ASSAULT
2410,216,SHOPLIFTING
2411,216,TRAFFIC VIOLATION
2412,216,VANDALISM
2413,216,VEHICLE - STOLEN
2414,217,ARSON
2415,217,ASSAULT
2416,217,BURGLARY
2417,217,COUNTERFEITING
2418,217,CYBERCRIME
2419,217,DOMESTIC VIOLENCE
2420,217,DRUG OFFENSE
2421,217,FIREARM OFFENSE
2422,217,FRAUD
2423,217,HOMICIDE
2424,217,IDENTITY THEFT
2425,217,ILLEGAL POSSESSION
2426,217,KIDNAPPING
2427,217,PUBLIC INTOXICATION
2428,217,ROBBERY
2429,217,SEXUAL ASSAULT
2430,217,SHOPLIFTING
2431,217,TRAFFIC VIOLATION
2432,217,VANDALISM
2433,217,VEHICLE - STOLEN
2434,218,ARSON
2435,218,ASSAULT
2436,218,BURGLARY
2437,218,COUNTERFEITING
2438,218,CYBERCRIME
2439,218,DOMESTIC VIOLENCE
2440,218,DRUG OFFENSE
2441,218,EXTORTION
2442,218,FIREARM OFFENSE
2443,218,FRAUD
2444,218,HOMICIDE
2445,218,IDENTITY THEFT
2446,218,ILLEGAL POSSESSION
2447,218,KIDNAPPING
2448,218,PUBLIC INTOXICATION
2449,218,ROBBERY
2450,218,SEXUAL ASSAULT
2451,218,SHOPLIFTING
2452,218,TRAFFIC VIOLATION
2453,218,VANDALISM
2454,218,VEHICLE - STOLEN
2455,219,ARSON
2456,219,ASSAULT
2457,219,BURGLARY
2458,219,COUNTERFEITING
2459,219,CYBERCRIME
2460,219,DOMESTIC VIOLENCE
2461,219,DRUG OFFENSE
2462,219,EXTORTION
2463,219,FIREARM OFFENSE
2464,219,FRAUD
2465,219,HOMICIDE
2466,219,IDENTITY THEFT
2467,219,ILLEGAL POSSESSION
2468,219,PUBLIC INTOXICATION
2469,219,ROBBERY
2470,219,SEXUAL ASSAULT
2471,219,SHOPLIFTING
2472,219,TRAFFIC VIOLATION
2473,219,VANDALISM
2474,219,VEHICLE - STOLEN
2475,220,ARSON
2476,220,BURGLARY
2477,220,COUNTERFEITING
2478,220,CYBERCRIME
2479,220,DOMESTIC VIOLENCE
2480,220,DRUG OFFENSE
2481,220,EXTORTION
2482,220,FIREARM OFFENSE
2483,220,FRAUD
2484,220,HOMICIDE
2485,220,IDENTITY THEFT
2486,220,ILLEGAL POSSESSION
2487,220,KIDNAPPING
2488,220,PUBLIC INTOXICATION
2489,220,ROBBERY
2490,220,SEXUAL ASSAULT
2491,220,SHOPLIFTING
2492,220,TRAFFIC VIOLATION
2493,220,VANDALISM
2494,220,VEHICLE - STOLEN
2495,221,ARSON
2496,221,ASSAULT
2497,221,BURGLARY
2498,221,COUNTERFEITING
2499,221,CYBERCRIME
2500,221,DOMESTIC VIOLENCE
2501,221,FIREARM OFFENSE
2502,221,FRAUD
2503,221,HOMICIDE
2504,221,IDENTITY THEFT
2505,221,KIDNAPPING
2506,221,PUBLIC INTOXICATION
2507,221,ROBBERY
2508,221,SEXUAL ASSAULT
2509,221,SHOPLIFTING
2510,221,TRAFFIC VIOLATION
2511,221,VANDALISM
2512,221,VEHICLE - STOLEN
2513,222,ARSON
2514,222,ASSAULT
2515,222,BURGLARY
2516,222,COUNTERFEITING
2517,222,CYBERCRIME
2518,222,DOMESTIC VIOLENCE
2519,222,DRUG OFFENSE
2520,222,EXTORTION
2521,222,FIREARM OFFENSE
2522,222,FRAUD
2523,222,HOMICIDE
2524,222,IDENTITY THEFT
2525,222,ILLEGAL POSSESSION
2526,222,KIDNAPPING
2527,222,PUBLIC INTOXICATION
2528,222,ROBBERY
2529,222,SEXUAL ASSAULT
2530,222,SHOPLIFTING
2531,222,TRAFFIC VIOLATION
2532,222,VANDALISM
2533,222,VEHICLE - STOLEN
2534,223,ARSON
2535,223,ASSAULT
2536,223,BURGLARY
2537,223,COUNTERFEITING
2538,223,CYBERCRIME
2539,223,DOMESTIC VIOLENCE
2540,223,DRUG OFFENSE
2541,223,EXTORTION
2542,223,FIREARM OFFENSE
2543,223,FRAUD
2544,223,HOMICIDE
2545,223,IDENTITY THEFT
2546,223,ILLEGAL POSSESSION
2547,223,KIDNAPPING
2548,223,PUBLIC INTOXICATION
2549,223,ROBBERY
2550,223,SEXUAL ASSAULT
2551,223,SHOPLIFTING
2552,223,TRAFFIC VIOLATION
2553,223,VANDALISM
2554,223,VEHICLE - STOLEN
2555,224,ARSON
2556,224,ASSAULT
2557,224,BURGLARY
2558,224,COUNTERFEITING
2559,224,DOMESTIC VIOLENCE
2560,224,DRUG OFFENSE
2561,224,EXTORTION
2562,224,FIREARM OFFENSE
2563,224,FRAUD
2564,224,HOMICIDE
2565,224,IDENTITY THEFT
2566,224,ILLEGAL POSSESSION
2567,224,KIDNAPPING
2568,224,PUBLIC INTOXICATION
2569,224,ROBBERY
2570,224,SEXUAL ASSAULT
2571,224,SHOPLIFTING
2572,224,TRAFFIC VIOLATION
2573,224,VANDALISM
2574,224,VEHICLE - STOLEN
2575,225,ARSON
2576,225,ASSAULT
2577,225,BURGLARY
2578,225,COUNTERFEITING
2579,225,CYBERCRIME
2580,225,DOMESTIC VIOLENCE
2581,225,EXTORTION
2582,225,FIREARM OFFENSE
2583,225,FRAUD
2584,225,HOMICIDE
2585,225,IDENTITY THEFT
2586,225,KIDNAPPING
2587,225,PUBLIC INTOXICATION
2588,225,ROBBERY
2589,225,SEXUAL ASSAULT
2590,225,SHOPLIFTING
2591,225,TRAFFIC VIOLATION
2592,225,VANDALISM
2593,225,VEHICLE - STOLEN
2594,226,ARSON
2595,226,ASSAULT
2596,226,BURGLARY
2597,226,COUNTERFEITING
2598,226,DOMESTIC VIOLENCE
2599,226,DRUG OFFENSE
2600,226,EXTORTION
2601,226,FIREARM OFFENSE
2602,226,FRAUD
2603,226,HOMICIDE
2604,226,IDENTITY THEFT
2605,226,ILLEGAL POSSESSION
2606,226,KIDNAPPING
2607,226,PUBLIC INTOXICATION
2608,226,ROBBERY
2609,226,SEXUAL ASSAULT
2610,226,TRAFFIC VIOLATION
2611,226,VANDALISM
2612,227,ARSON
2613,227,ASSAULT
2614,227,BURGLARY
2615,227,COUNTERFEITING
2616,227,CYBERCRIME
2617,227,DOMESTIC VIOLENCE
2618,227,DRUG OFFENSE
2619,227,EXTORTION
2620,227,FIREARM OFFENSE
2621,227,FRAUD
2622,227,HOMICIDE
2623,227,IDENTITY THEFT
2624,227,ILLEGAL POSSESSION
2625,227,KIDNAPPING
2626,227,PUBLIC INTOXICATION
2627,227,ROBBERY
2628,227,SEXUAL ASSAULT
2629,227,SHOPLIFTING
2630,227,TRAFFIC VIOLATION
2631,227,VANDALISM
2632,227,VEHICLE - STOLEN
2633,228,ARSON
2634,228,ASSAULT
2635,228,BURGLARY
2636,228,COUNTERFEITING
2637,228,CYBERCRIME
2638,228,DOMESTIC VIOLENCE
2639,228,DRUG OFFENSE
2640,228,EXTORTION
2641,228,FIREARM OFFENSE
2642,228,FRAUD
2643,228,HOMICIDE
2644,228,IDENTITY THEFT
2645,228,ILLEGAL POSSESSION
2646,228,KIDNAPPING
2647,228,PUBLIC INTOXICATION
2648,228,ROBBERY
2649,228,SEXUAL ASSAULT
2650,228,SHOPLIFTING
2651,228,TRAFFIC VIOLATION
2652,228,VANDALISM
2653,228,VEHICLE - STOLEN
2654,229,ARSON
2655,229,ASSAULT
2656,229,BURGLARY
2657,229,COUNTERFEITING
2658,229,CYBERCRIME
2659,229,DOMESTIC VIOLENCE
2660,229,DRUG OFFENSE
2661,229,EXTORTION
2662,229,FIREARM OFFENSE
2663,229,FRAUD
2664,229,HOMICIDE
2665,229,IDENTITY THEFT
2666,229,ILLEGAL POSSESSION
2667,229,KIDNAPPING
2668,229,PUBLIC INTOXICATION
2669,229,ROBBERY
2670,229,SEXUAL ASSAULT
2671,229,SHOPLIFTING
2672,229,TRAFFIC VIOLATION
2673,229,VANDALISM
2674,229,VEHICLE - STOLEN
2675,230,ARSON
2676,230,ASSAULT
2677,230,BURGLARY
2678,230,COUNTERFEITING
2679,230,CYBERCRIME
2680,230,DOMESTIC VIOLENCE
2681,230,DRUG OFFENSE
2682,230,EXTORTION
2683,230,FIREARM OFFENSE
2684,230,FRAUD
2685,230,HOMICIDE
2686,230,IDENTITY THEFT
2687,230,ILLEGAL POSSESSION
2688,230,KIDNAPPING
2689,230,PUBLIC INTOXICATION
2690,230,ROBBERY
2691,230,SEXUAL ASSAULT
2692,230,TRAFFIC VIOLATION
2693,230,VANDALISM
2694,230,VEHICLE - STOLEN
2695,231,ARSON
2696,231,ASSAULT
2697,231,BURGLARY
2698,231,COUNTERFEITING
2699,231,CYBERCRIME
2700,231,DOMESTIC VIOLENCE
2701,231,DRUG OFFENSE
2702,231,EXTORTION
2703,231,FIREARM OFFENSE
2704,231,FRAUD
2705,231,HOMICIDE
2706,231,IDENTITY THEFT
2707,231,ILLEGAL POSSESSION
2708,231,KIDNAPPING
2709,231,PUBLIC INTOXICATION
2710,231,ROBBERY
2711,231,SEXUAL ASSAULT
2712,231,SHOPLIFTING
2713,231,TRAFFIC VIOLATION
2714,231,VANDALISM
2715,231,VEHICLE - STOLEN
2716,232,ARSON
2717,232,ASSAULT
2718,232,BURGLARY
2719,232,COUNTERFEITING
2720,232,CYBERCRIME
2721,232,DOMESTIC VIOLENCE
2722,232,DRUG OFFENSE
2723,232,EXTORTION
2724,232,FIREARM OFFENSE
2725,232,FRAUD
2726,232,HOMICIDE
2727,232,IDENTITY THEFT
2728,232,ILLEGAL POSSESSION
2729,232,KIDNAPPING
2730,232,PUBLIC INTOXICATION
2731,232,ROBBERY
2732,232,SEXUAL ASSAULT
2733,232,SHOPLIFTING
2734,232,TRAFFIC VIOLATION
2735,232,VANDALISM
2736,232,VEHICLE - STOLEN
2737,233,ARSON
2738,233,ASSAULT
2739,233,BURGLARY
2740,233,COUNTERFEITING
2741,233,CYBERCRIME
2742,233,DOMESTIC VIOLENCE
2743,233,DRUG OFFENSE
2744,233,EXTORTION
2745,233,FIREARM OFFENSE
2746,233,FRAUD
2747,233,HOMICIDE
2748,233,IDENTITY THEFT
2749,233,ILLEGAL POSSESSION
2750,233,KIDNAPPING
2751,233,PUBLIC INTOXICATION
2752,233,ROBBERY
2753,233,SEXUAL ASSAULT
2754,233,SHOPLIFTING
2755,233,TRAFFIC VIOLATION
2756,233,VANDALISM
2757,233,VEHICLE - STOLEN
2758,234,ARSON
2759,234,ASSAULT
2760,234,BURGLARY
2761,234,COUNTERFEITING
2762,234,CYBERCRIME
2763,234,DOMESTIC VIOLENCE
2764,234,DRUG OFFENSE
2765,234,EXTORTION
2766,234,FIREARM OFFENSE
2767,234,FRAUD
2768,234,HOMICIDE
2769,234,IDENTITY THEFT
2770,234,ILLEGAL POSSESSION
2771,234,KIDNAPPING
2772,234,PUBLIC INTOXICATION
2773,234,ROBBERY
2774,234,SEXUAL ASSAULT
2775,234,SHOPLIFTING
2776,234,TRAFFIC VIOLATION
2777,234,VANDALISM
2778,234,VEHICLE - STOLEN
2779,235,ARSON
2780,235,ASSAULT
2781,235,BURGLARY
2782,235,COUNTERFEITING
2783,235,CYBERCRIME
2784,235,DOMESTIC VIOLENCE
2785,235,DRUG OFFENSE
2786,235,EXTORTION
2787,235,FIREARM OFFENSE
2788,235,FRAUD
2789,235,HOMICIDE
2790,235,IDENTITY THEFT
2791,235,ILLEGAL POSSESSION
2792,235,KIDNAPPING
2793,235,PUBLIC INTOXICATION
2794,235,ROBBERY
2795,235,SEXUAL ASSAULT
2796,235,SHOPLIFTING
2797,235,TRAFFIC VIOLATION
2798,235,VANDALISM
2799,235,VEHICLE - STOLEN
2800,236,ARSON
2801,236,ASSAULT
2802,236,BURGLARY
2803,236,COUNTERFEITING
2804,236,CYBERCRIME
2805,236,DOMESTIC VIOLENCE
2806,236,DRUG OFFENSE
2807,236,EXTORTION
2808,236,FIREARM OFFENSE
2809,236,FRAUD
2810,236,HOMICIDE
2811,236,IDENTITY THEFT
2812,236,ILLEGAL POSSESSION
2813,236,KIDNAPPING
2814,236,PUBLIC INTOXICATION
2815,236,ROBBERY
2816,236,SEXUAL ASSAULT
2817,236,SHOPLIFTING
2818,236,TRAFFIC VIOLATION
2819,236,VANDALISM
2820,236,VEHICLE - STOLEN
2821,237,ARSON
2822,237,ASSAULT
2823,237,BURGLARY
2824,237,COUNTERFEITING
2825,237,CYBERCRIME
2826,237,DOMESTIC VIOLENCE
2827,237,DRUG OFFENSE
2828,237,EXTORTION
2829,237,FIREARM OFFENSE
2830,237,FRAUD
2831,237,HOMICIDE
2832,237,IDENTITY THEFT
2833,237,ILLEGAL POSSESSION
2834,237,KIDNAPPING
2835,237,PUBLIC INTOXICATION
2836,237,ROBBERY
2837,237,SEXUAL ASSAULT
2838,237,SHOPLIFTING
2839,237,TRAFFIC VIOLATION
2840,237,VANDALISM
2841,237,VEHICLE - STOLEN
2842,238,ARSON
2843,238,ASSAULT
2844,238,BURGLARY
2845,238,COUNTERFEITING
2846,238,CYBERCRIME
2847,238,DOMESTIC VIOLENCE
2848,238,DRUG OFFENSE
2849,238,EXTORTION
2850,238,FIREARM OFFENSE
2851,238,FRAUD
2852,238,HOMICIDE
2853,238,IDENTITY THEFT
2854,238,ILLEGAL POSSESSION
2855,238,PUBLIC INTOXICATION
2856,238,ROBBERY
2857,238,SEXUAL ASSAULT
2858,238,SHOPLIFTING
2859,238,TRAFFIC VIOLATION
2860,238,VANDALISM
2861,238,VEHICLE - STOLEN
2862,239,ARSON
2863,239,ASSAULT
2864,239,BURGLARY
2865,239,COUNTERFEITING
2866,239,CYBERCRIME
2867,239,DOMESTIC VIOLENCE
2868,239,DRUG OFFENSE
2869,239,EXTORTION
2870,239,FIREARM OFFENSE
2871,239,FRAUD
2872,239,HOMICIDE
2873,239,IDENTITY THEFT
2874,239,ILLEGAL POSSESSION
2875,239,KIDNAPPING
2876,239,PUBLIC INTOXICATION
2877,239,ROBBERY
2878,239,SEXUAL ASSAULT
2879,239,SHOPLIFTING
2880,239,TRAFFIC VIOLATION
2881,239,VANDALISM
2882,239,VEHICLE - STOLEN
2883,240,ARSON
2884,240,ASSAULT
2885,240,BURGLARY
2886,240,COUNTERFEITING
2887,240,CYBERCRIME
2888,240,DOMESTIC VIOLENCE
2889,240,DRUG OFFENSE
2890,240,EXTORTION
2891,240,FIREARM OFFENSE
2892,240,FRAUD
2893,240,HOMICIDE
2894,240,IDENTITY THEFT
2895,240,ILLEGAL POSSESSION
2896,240,KIDNAPPING
2897,240,PUBLIC INTOXICATION
2898,240,ROBBERY
2899,240,SEXUAL ASSAULT
2900,240,SHOPLIFTING
2901,240,TRAFFIC VIOLATION
2902,240,VANDALISM
2903,240,VEHICLE - STOLEN
2904,241,ARSON
2905,241,ASSAULT
2906,241,BURGLARY
2907,241,COUNTERFEITING
2908,241,CYBERCRIME
2909,241,DOMESTIC VIOLENCE
2910,241,DRUG OFFENSE
2911,241,EXTORTION
2912,241,FIREARM OFFENSE
2913,241,FRAUD
2914,241,HOMICIDE
2915,241,IDENTITY THEFT
2916,241,ILLEGAL POSSESSION
2917,241,KIDNAPPING
2918,241,PUBLIC INTOXICATION
2919,241,ROBBERY
2920,241,SEXUAL ASSAULT
2921,241,SHOPLIFTING
2922,241,TRAFFIC VIOLATION
2923,241,VANDALISM
2924,242,ARSON
2925,242,ASSAULT
2926,242,BURGLARY
2927,242,COUNTERFEITING
2928,242,CYBERCRIME
2929,242,DOMESTIC VIOLENCE
2930,242,DRUG OFFENSE
2931,242,EXTORTION
2932,242,FIREARM OFFENSE
2933,242,FRAUD
2934,242,HOMICIDE
2935,242,IDENTITY THEFT
2936,242,ILLEGAL POSSESSION
2937,242,KIDNAPPING
2938,242,PUBLIC INTOXICATION
2939,242,ROBBERY
2940,242,SEXUAL ASSAULT
2941,242,SHOPLIFTING
2942,242,TRAFFIC VIOLATION
2943,242,VANDALISM
2944,242,VEHICLE - STOLEN
2945,243,ARSON
2946,243,ASSAULT
2947,243,BURGLARY
2948,243,COUNTERFEITING
2949,243,CYBERCRIME
2950,243,DOMESTIC VIOLENCE
2951,243,DRUG OFFENSE
2952,243,EXTORTION
2953,243,FIREARM OFFENSE
2954,243,FRAUD
2955,243,HOMICIDE
2956,243,IDENTITY THEFT
2957,243,ILLEGAL POSSESSION
2958,243,KIDNAPPING
2959,243,PUBLIC INTOXICATION
2960,243,ROBBERY
2961,243,SEXUAL ASSAULT
2962,243,SHOPLIFTING
2963,243,TRAFFIC VIOLATION
2964,243,VANDALISM
2965,243,VEHICLE - STOLEN
2966,244,ARSON
2967,244,ASSAULT
2968,244,BURGLARY
2969,244,COUNTERFEITING
2970,244,CYBERCRIME
2971,244,DOMESTIC VIOLENCE
2972,244,DRUG OFFENSE
2973,244,EXTORTION
2974,244,FIREARM OFFENSE
2975,244,FRAUD
2976,244,HOMICIDE
2977,244,IDENTITY THEFT
2978,244,ILLEGAL POSSESSION
2979,244,KIDNAPPING
2980,244,PUBLIC INTOXICATION
2981,244,ROBBERY
2982,244,SEXUAL ASSAULT
2983,244,SHOPLIFTING
2984,244,VANDALISM
2985,244,VEHICLE - STOLEN
2986,245,ARSON
2987,245,ASSAULT
2988,245,BURGLARY
2989,245,COUNTERFEITING
2990,245,CYBERCRIME
2991,245,DOMESTIC VIOLENCE
2992,245,DRUG OFFENSE
2993,245,EXTORTION
2994,245,FIREARM OFFENSE
2995,245,FRAUD
2996,245,HOMICIDE
2997,245,IDENTITY THEFT
2998,245,ILLEGAL POSSESSION
2999,245,KIDNAPPING
3000,245,PUBLIC INTOXICATION
3001,245,ROBBERY
3002,245,SEXUAL ASSAULT
3003,245,SHOPLIFTING
3004,245,TRAFFIC VIOLATION
3005,245,VANDALISM
3006,245,VEHICLE - STOLEN
3007,246,ARSON
3008,246,ASSAULT
3009,246,BURGLARY
3010,246,COUNTERFEITING
3011,246,CYBERCRIME
3012,246,DOMESTIC VIOLENCE
3013,246,DRUG OFFENSE
3014,246,EXTORTION
3015,246,FIREARM OFFENSE
3016,246,FRAUD
3017,246,HOMICIDE
3018,246,IDENTITY THEFT
3019,246,ILLEGAL POSSESSION
3020,246,KIDNAPPING
3021,246,PUBLIC INTOXICATION
3022,246,ROBBERY
3023,246,SEXUAL ASSAULT
3024,246,SHOPLIFTING
3025,246,TRAFFIC VIOLATION
3026,246,VANDALISM
3027,246,VEHICLE - STOLEN
3028,247,ASSAULT
3029,247,BURGLARY
3030,247,COUNTERFEITING
3031,247,CYBERCRIME
3032,247,DOMESTIC VIOLENCE
3033,247,DRUG OFFENSE
3034,247,EXTORTION
3035,247,FIREARM OFFENSE
3036,247,FRAUD
3037,247,HOMICIDE
3038,247,IDENTITY THEFT
3039,247,ILLEGAL POSSESSION
3040,247,KIDNAPPING
3041,247,PUBLIC INTOXICATION
3042,247,ROBBERY
3043,247,SEXUAL ASSAULT
3044,247,SHOPLIFTING
3045,247,TRAFFIC VIOLATION
3046,247,VANDALISM
3047,247,VEHICLE - STOLEN
3048,248,ARSON
3049,248,ASSAULT
3050,248,BURGLARY
3051,248,COUNTERFEITING
3052,248,CYBERCRIME
3053,248,DOMESTIC VIOLENCE
3054,248,DRUG OFFENSE
3055,248,EXTORTION
3056,248,FIREARM OFFENSE
3057,248,FRAUD
3058,248,HOMICIDE
3059,248,IDENTITY THEFT
3060,248,ILLEGAL POSSESSION
3061,248,KIDNAPPING
3062,248,PUBLIC INTOXICATION
3063,248,ROBBERY
3064,248,SEXUAL ASSAULT
3065,248,SHOPLIFTING
3066,248,TRAFFIC VIOLATION
3067,248,VANDALISM
3068,248,VEHICLE - STOLEN
3069,249,ARSON
3070,249,ASSAULT
3071,249,BURGLARY
3072,249,COUNTERFEITING
3073,249,CYBERCRIME
3074,249,DOMESTIC VIOLENCE
3075,249,DRUG OFFENSE
3076,249,EXTORTION
3077,249,FIREARM OFFENSE
3078,249,FRAUD
3079,249,HOMICIDE
3080,249,IDENTITY THEFT
3081,249,ILLEGAL POSSESSION
3082,249,KIDNAPPING
3083,249,PUBLIC INTOXICATION
3084,249,ROBBERY
3085,249,SEXUAL ASSAULT
3086,249,SHOPLIFTING
3087,249,TRAFFIC VIOLATION
3088,249,VANDALISM
3089,249,VEHICLE - STOLEN
3090,250,ARSON
3091,250,ASSAULT
3092,250,BURGLARY
3093,250,COUNTERFEITING
3094,250,CYBERCRIME
3095,250,DOMESTIC VIOLENCE
3096,250,DRUG OFFENSE
3097,250,EXTORTION
3098,250,FIREARM OFFENSE
3099,250,FRAUD
3100,250,HOMICIDE
3101,250,IDENTITY THEFT
3102,250,ILLEGAL POSSESSION
3103,250,KIDNAPPING
3104,250,PUBLIC INTOXICATION
3105,250,ROBBERY
3106,250,SEXUAL ASSAULT
3107,250,SHOPLIFTING
3108,250,TRAFFIC VIOLATION
3109,250,VANDALISM
3110,250,VEHICLE - STOLEN
3111,251,ARSON
3112,251,ASSAULT
3113,251,BURGLARY
3114,251,COUNTERFEITING
3115,251,CYBERCRIME
3116,251,DOMESTIC VIOLENCE
3117,251,DRUG OFFENSE
3118,251,EXTORTION
3119,251,FRAUD
3120,251,HOMICIDE
3121,251,IDENTITY THEFT
3122,251,ILLEGAL POSSESSION
3123,251,KIDNAPPING
3124,251,PUBLIC INTOXICATION
3125,251,ROBBERY
3126,251,SEXUAL ASSAULT
3127,251,SHOPLIFTING
3128,251,TRAFFIC VIOLATION
3129,251,VANDALISM
3130,251,VEHICLE - STOLEN
3131,252,ARSON
3132,252,ASSAULT
3133,252,BURGLARY
3134,252,COUNTERFEITING
3135,252,CYBERCRIME
3136,252,DOMESTIC VIOLENCE
3137,252,DRUG OFFENSE
3138,252,EXTORTION
3139,252,FIREARM OFFENSE
3140,252,FRAUD
3141,252,HOMICIDE
3142,252,IDENTITY THEFT
3143,252,ILLEGAL POSSESSION
3144,252,KIDNAPPING
3145,252,PUBLIC INTOXICATION
3146,252,ROBBERY
3147,252,SEXUAL ASSAULT
3148,252,SHOPLIFTING
3149,252,TRAFFIC VIOLATION
3150,252,VANDALISM
3151,252,VEHICLE - STOLEN
3152,253,ARSON
3153,253,ASSAULT
3154,253,BURGLARY
3155,253,COUNTERFEITING
3156,253,CYBERCRIME
3157,253,DOMESTIC VIOLENCE
3158,253,DRUG OFFENSE
3159,253,EXTORTION
3160,253,FIREARM OFFENSE
3161,253,FRAUD
3162,253,HOMICIDE
3163,253,IDENTITY THEFT
3164,253,ILLEGAL POSSESSION
3165,253,KIDNAPPING
3166,253,PUBLIC INTOXICATION
3167,253,ROBBERY
3168,253,SEXUAL ASSAULT
3169,253,SHOPLIFTING
3170,253,TRAFFIC VIOLATION
3171,253,VANDALISM
3172,253,VEHICLE - STOLEN
3173,254,ARSON
3174,254,ASSAULT
3175,254,BURGLARY
3176,254,COUNTERFEITING
3177,254,CYBERCRIME
3178,254,DOMESTIC VIOLENCE
3179,254,DRUG OFFENSE
3180,254,EXTORTION
3181,254,FIREARM OFFENSE
3182,254,FRAUD
3183,254,HOMICIDE
3184,254,IDENTITY THEFT
3185,254,ILLEGAL POSSESSION
3186,254,KIDNAPPING
3187,254,PUBLIC INTOXICATION
3188,254,ROBBERY
3189,254,SEXUAL ASSAULT
3190,254,SHOPLIFTING
3191,254,TRAFFIC VIOLATION
3192,254,VANDALISM
3193,255,ARSON
3194,255,ASSAULT
3195,255,BURGLARY
3196,255,COUNTERFEITING
3197,255,CYBERCRIME
3198,255,DOMESTIC VIOLENCE
3199,255,DRUG OFFENSE
3200,255,EXTORTION
3201,255,FIREARM OFFENSE
3202,255,FRAUD
3203,255,HOMICIDE
3204,255,IDENTITY THEFT
3205,255,ILLEGAL POSSESSION
3206,255,KIDNAPPING
3207,255,PUBLIC INTOXICATION
3208,255,ROBBERY
3209,255,SEXUAL ASSAULT
3210,255,SHOPLIFTING
3211,255,TRAFFIC VIOLATION
3212,255,VANDALISM
3213,255,VEHICLE - STOLEN
3214,256,ARSON
3215,256,ASSAULT
3216,256,BURGLARY
3217,256,COUNTERFEITING
3218,256,CYBERCRIME
3219,256,DOMESTIC VIOLENCE
3220,256,DRUG OFFENSE
3221,256,EXTORTION
3222,256,FIREARM OFFENSE
3223,256,FRAUD
3224,256,HOMICIDE
3225,256,IDENTITY THEFT
3226,256,ILLEGAL POSSESSION
3227,256,KIDNAPPING
3228,256,PUBLIC INTOXICATION
3229,256,ROBBERY
3230,256,SEXUAL ASSAULT
3231,256,SHOPLIFTING
3232,256,TRAFFIC VIOLATION
3233,256,VANDALISM
3234,256,VEHICLE - STOLEN
3235,257,ARSON
3236,257,ASSAULT
3237,257,BURGLARY
3238,257,COUNTERFEITING
3239,257,CYBERCRIME
3240,257,DOMESTIC VIOLENCE
3241,257,DRUG OFFENSE
3242,257,EXTORTION
3243,257,FIREARM OFFENSE
3244,257,FRAUD
3245,257,HOMICIDE
3246,257,IDENTITY THEFT
3247,257,ILLEGAL POSSESSION
3248,257,KIDNAPPING
3249,257,PUBLIC INTOXICATION
3250,257,ROBBERY
3251,257,SEXUAL ASSAULT
3252,257,SHOPLIFTING
3253,257,TRAFFIC VIOLATION
3254,257,VANDALISM
3255,257,VEHICLE - STOLEN
3256,258,ARSON
3257,258,ASSAULT
3258,258,BURGLARY
3259,258,COUNTERFEITING
3260,258,CYBERCRIME
3261,258,DOMESTIC VIOLENCE
3262,258,DRUG OFFENSE
3263,258,FIREARM OFFENSE
3264,258,FRAUD
3265,258,HOMICIDE
3266,258,IDENTITY THEFT
3267,258,ILLEGAL POSSESSION
3268,258,PUBLIC INTOXICATION
3269,258,ROBBERY
3270,258,SEXUAL ASSAULT
3271,258,SHOPLIFTING
3272,258,TRAFFIC VIOLATION
3273,258,VANDALISM
3274,258,VEHICLE - STOLEN
3275,259,ARSON
3276,259,ASSAULT
3277,259,BURGLARY
3278,259,COUNTERFEITING
3279,259,CYBERCRIME
3280,259,DOMESTIC VIOLENCE
3281,259,DRUG OFFENSE
3282,259,EXTORTION
3283,259,FIREARM OFFENSE
3284,259,FRAUD
3285,259,HOMICIDE
3286,259,IDENTITY THEFT
3287,259,ILLEGAL POSSESSION
3288,259,KIDNAPPING
3289,259,PUBLIC INTOXICATION
3290,259,ROBBERY
3291,259,SEXUAL ASSAULT
3292,259,SHOPLIFTING
3293,259,TRAFFIC VIOLATION
3294,259,VANDALISM
3295,259,VEHICLE - STOLEN
3296,260,ARSON
3297,260,ASSAULT
3298,260,BURGLARY
3299,260,COUNTERFEITING
3300,260,CYBERCRIME
3301,260,DOMESTIC VIOLENCE
3302,260,DRUG OFFENSE
3303,260,EXTORTION
3304,260,FIREARM OFFENSE
3305,260,FRAUD
3306,260,HOMICIDE
3307,260,IDENTITY THEFT
3308,260,ILLEGAL POSSESSION
3309,260,KIDNAPPING
3310,260,PUBLIC INTOXICATION
3311,260,ROBBERY
3312,260,SEXUAL ASSAULT
3313,260,SHOPLIFTING
3314,260,VANDALISM
3315,260,VEHICLE - STOLEN
3316,261,ARSON
3317,261,ASSAULT
3318,261,BURGLARY
3319,261,COUNTERFEITING
3320,261,DOMESTIC VIOLENCE
3321,261,DRUG OFFENSE
3322,261,EXTORTION
3323,261,FIREARM OFFENSE
3324,261,FRAUD
3325,261,HOMICIDE
3326,261,IDENTITY THEFT
3327,261,ILLEGAL POSSESSION
3328,261,KIDNAPPING
3329,261,PUBLIC INTOXICATION
3330,261,ROBBERY
3331,261,SEXUAL ASSAULT
3332,261,SHOPLIFTING
3333,261,TRAFFIC VIOLATION
3334,261,VANDALISM
3335,261,VEHICLE - STOLEN
3336,262,ARSON
3337,262,ASSAULT
3338,262,BURGLARY
3339,262,COUNTERFEITING
3340,262,CYBERCRIME
3341,262,DOMESTIC VIOLENCE
3342,262,DRUG OFFENSE
3343,262,EXTORTION
3344,262,FIREARM OFFENSE
3345,262,FRAUD
3346,262,HOMICIDE
3347,262,IDENTITY THEFT
3348,262,ILLEGAL POSSESSION
3349,262,KIDNAPPING
3350,262,PUBLIC INTOXICATION
3351,262,ROBBERY
3352,262,SEXUAL ASSAULT
3353,262,SHOPLIFTING
3354,262,TRAFFIC VIOLATION
3355,262,VANDALISM
3356,262,VEHICLE - STOLEN
3357,263,ARSON
3358,263,ASSAULT
3359,263,BURGLARY
3360,263,COUNTERFEITING
3361,263,CYBERCRIME
3362,263,DOMESTIC VIOLENCE
3363,263,DRUG OFFENSE
3364,263,EXTORTION
3365,263,FIREARM OFFENSE
3366,263,FRAUD
3367,263,HOMICIDE
3368,263,IDENTITY THEFT
3369,263,ILLEGAL POSSESSION
3370,263,KIDNAPPING
3371,263,PUBLIC INTOXICATION
3372,263,ROBBERY
3373,263,SEXUAL ASSAULT
3374,263,SHOPLIFTING
3375,263,TRAFFIC VIOLATION
3376,263,VANDALISM
3377,263,VEHICLE - STOLEN
3378,264,ARSON
3379,264,ASSAULT
3380,264,BURGLARY
3381,264,COUNTERFEITING
3382,264,CYBERCRIME
3383,264,DOMESTIC VIOLENCE
3384,264,DRUG OFFENSE
3385,264,EXTORTION
3386,264,FIREARM OFFENSE
3387,264,FRAUD
3388,264,HOMICIDE
3389,264,IDENTITY THEFT
3390,264,ILLEGAL POSSESSION
3391,264,KIDNAPPING
3392,264,PUBLIC INTOXICATION
3393,264,ROBBERY
3394,264,SEXUAL ASSAULT
3395,264,SHOPLIFTING
3396,264,TRAFFIC VIOLATION
3397,264,VANDALISM
3398,264,VEHICLE - STOLEN
3399,265,ARSON
3400,265,ASSAULT
3401,265,BURGLARY
3402,265,COUNTERFEITING
3403,265,CYBERCRIME
3404,265,DOMESTIC VIOLENCE
3405,265,DRUG OFFENSE
3406,265,EXTORTION
3407,265,FIREARM OFFENSE
3408,265,FRAUD
3409,265,HOMICIDE
3410,265,IDENTITY THEFT
3411,265,ILLEGAL POSSESSION
3412,265,KIDNAPPING
3413,265,PUBLIC INTOXICATION
3414,265,ROBBERY
3415,265,SEXUAL ASSAULT
3416,265,SHOPLIFTING
3417,265,TRAFFIC VIOLATION
3418,265,VANDALISM
3419,265,VEHICLE - STOLEN
3420,266,ARSON
3421,266,ASSAULT
3422,266,BURGLARY
3423,266,COUNTERFEITING
3424,266,CYBERCRIME
3425,266,DOMESTIC VIOLENCE
3426,266,DRUG OFFENSE
3427,266,EXTORTION
3428,266,FRAUD
3429,266,HOMICIDE
3430,266,IDENTITY THEFT
3431,266,KIDNAPPING
3432,266,PUBLIC INTOXICATION
3433,266,ROBBERY
3434,266,SEXUAL ASSAULT
3435,266,SHOPLIFTING
3436,266,TRAFFIC VIOLATION
3437,266,VANDALISM
3438,266,VEHICLE - STOLEN
3439,267,ARSON
3440,267,ASSAULT
3441,267,BURGLARY
3442,267,COUNTERFEITING
3443,267,CYBERCRIME
3444,267,DOMESTIC VIOLENCE
3445,267,DRUG OFFENSE
3446,267,FIREARM OFFENSE
3447,267,FRAUD
3448,267,HOMICIDE
3449,267,IDENTITY THEFT
3450,267,ILLEGAL POSSESSION
3451,267,KIDNAPPING
3452,267,PUBLIC INTOXICATION
3453,267,ROBBERY
3454,267,SEXUAL ASSAULT
3455,267,SHOPLIFTING
3456,267,TRAFFIC VIOLATION
3457,267,VANDALISM
3458,267,VEHICLE - STOLEN
3459,268,ARSON
3460,268,ASSAULT
3461,268,BURGLARY
3462,268,COUNTERFEITING
3463,268,CYBERCRIME
3464,268,DOMESTIC VIOLENCE
3465,268,DRUG OFFENSE
3466,268,FIREARM OFFENSE
3467,268,FRAUD
3468,268,HOMICIDE
3469,268,IDENTITY THEFT
3470,268,ILLEGAL POSSESSION
3471,268,KIDNAPPING
3472,268,PUBLIC INTOXICATION
3473,268,ROBBERY
3474,268,SEXUAL ASSAULT
3475,268,SHOPLIFTING
3476,268,TRAFFIC VIOLATION
3477,268,VANDALISM
3478,268,VEHICLE - STOLEN
3479,269,ARSON
3480,269,ASSAULT
3481,269,BURGLARY
3482,269,COUNTERFEITING
3483,269,CYBERCRIME
3484,269,DOMESTIC VIOLENCE
3485,269,DRUG OFFENSE
3486,269,EXTORTION
3487,269,FIREARM OFFENSE
3488,269,FRAUD
3489,269,HOMICIDE
3490,269,IDENTITY THEFT
3491,269,KIDNAPPING
3492,269,PUBLIC INTOXICATION
3493,269,ROBBERY
3494,269,SEXUAL ASSAULT
3495,269,SHOPLIFTING
3496,269,TRAFFIC VIOLATION
3497,269,VANDALISM
3498,269,VEHICLE - STOLEN
3499,270,ARSON
3500,270,ASSAULT
3501,270,BURGLARY
3502,270,COUNTERFEITING
3503,270,CYBERCRIME
3504,270,DOMESTIC VIOLENCE
3505,270,DRUG OFFENSE
3506,270,EXTORTION
3507,270,FIREARM OFFENSE
3508,270,FRAUD
3509,270,HOMICIDE
3510,270,IDENTITY THEFT
3511,270,ILLEGAL POSSESSION
3512,270,KIDNAPPING
3513,270,PUBLIC INTOXICATION
3514,270,ROBBERY
3515,270,SEXUAL ASSAULT
3516,270,SHOPLIFTING
3517,270,TRAFFIC VIOLATION
3518,270,VANDALISM
3519,270,VEHICLE - STOLEN
3520,271,ARSON
3521,271,ASSAULT
3522,271,BURGLARY
3523,271,CYBERCRIME
3524,271,DOMESTIC VIOLENCE
3525,271,DRUG OFFENSE
3526,271,EXTORTION
3527,271,FIREARM OFFENSE
3528,271,FRAUD
3529,271,HOMICIDE
3530,271,IDENTITY THEFT
3531,271,ILLEGAL POSSESSION
3532,271,KIDNAPPING
3533,271,PUBLIC INTOXICATION
3534,271,ROBBERY
3535,271,SEXUAL ASSAULT
3536,271,SHOPLIFTING
3537,271,TRAFFIC VIOLATION
3538,271,VANDALISM
3539,271,VEHICLE - STOLEN
3540,272,ARSON
3541,272,ASSAULT
3542,272,BURGLARY
3543,272,COUNTERFEITING
3544,272,CYBERCRIME
3545,272,DOMESTIC VIOLENCE
3546,272,DRUG OFFENSE
3547,272,EXTORTION
3548,272,FIREARM OFFENSE
3549,272,FRAUD
3550,272,HOMICIDE
3551,272,IDENTITY THEFT
3552,272,ILLEGAL POSSESSION
3553,272,KIDNAPPING
3554,272,PUBLIC INTOXICATION
3555,272,ROBBERY
3556,272,SEXUAL ASSAULT
3557,272,SHOPLIFTING
3558,272,TRAFFIC VIOLATION
3559,272,VANDALISM
3560,272,VEHICLE - STOLEN
3561,273,ARSON
3562,273,ASSAULT
3563,273,BURGLARY
3564,273,COUNTERFEITING
3565,273,CYBERCRIME
3566,273,DOMESTIC VIOLENCE
3567,273,DRUG OFFENSE
3568,273,EXTORTION
3569,273,FIREARM OFFENSE
3570,273,FRAUD
3571,273,HOMICIDE
3572,273,IDENTITY THEFT
3573,273,ILLEGAL POSSESSION
3574,273,KIDNAPPING
3575,273,PUBLIC INTOXICATION
3576,273,ROBBERY
3577,273,SEXUAL ASSAULT
3578,273,SHOPLIFTING
3579,273,TRAFFIC VIOLATION
3580,273,VANDALISM
3581,273,VEHICLE - STOLEN
3582,274,ARSON
3583,274,ASSAULT
3584,274,BURGLARY
3585,274,COUNTERFEITING
3586,274,CYBERCRIME
3587,274,DOMESTIC VIOLENCE
3588,274,DRUG OFFENSE
3589,274,EXTORTION
3590,274,FIREARM OFFENSE
3591,274,FRAUD
3592,274,HOMICIDE
3593,274,IDENTITY THEFT
3594,274,ILLEGAL POSSESSION
3595,274,KIDNAPPING
3596,274,PUBLIC INTOXICATION
3597,274,ROBBERY
3598,274,SEXUAL ASSAULT
3599,274,SHOPLIFTING
3600,274,TRAFFIC VIOLATION
3601,274,VANDALISM
3602,274,VEHICLE - STOLEN
3603,275,ARSON
3604,275,ASSAULT
3605,275,BURGLARY
3606,275,COUNTERFEITING
3607,275,CYBERCRIME
3608,275,DOMESTIC VIOLENCE
3609,275,DRUG OFFENSE
3610,275,EXTORTION
3611,275,FIREARM OFFENSE
3612,275,FRAUD
3613,275,HOMICIDE
3614,275,IDENTITY THEFT
3615,275,ILLEGAL POSSESSION
3616,275,KIDNAPPING
3617,275,PUBLIC INTOXICATION
3618,275,ROBBERY
3619,275,SEXUAL ASSAULT
3620,275,SHOPLIFTING
3621,275,TRAFFIC VIOLATION
3622,275,VANDALISM
3623,275,VEHICLE - STOLEN
3624,276,ARSON
3625,276,ASSAULT
3626,276,COUNTERFEITING
3627,276,CYBERCRIME
3628,276,DOMESTIC VIOLENCE
3629,276,DRUG OFFENSE
3630,276,EXTORTION
3631,276,FIREARM OFFENSE
3632,276,FRAUD
3633,276,HOMICIDE
3634,276,IDENTITY THEFT
3635,276,ILLEGAL POSSESSION
3636,276,KIDNAPPING
3637,276,PUBLIC INTOXICATION
3638,276,ROBBERY
3639,276,SEXUAL ASSAULT
3640,276,SHOPLIFTING
3641,276,TRAFFIC VIOLATION
3642,276,VANDALISM
3643,276,VEHICLE - STOLEN
3644,277,ARSON
3645,277,ASSAULT
3646,277,BURGLARY
3647,277,COUNTERFEITING
3648,277,CYBERCRIME
3649,277,DOMESTIC VIOLENCE
3650,277,DRUG OFFENSE
3651,277,EXTORTION
3652,277,FIREARM OFFENSE
3653,277,FRAUD
3654,277,HOMICIDE
3655,277,IDENTITY THEFT
3656,277,ILLEGAL POSSESSION
3657,277,KIDNAPPING
3658,277,PUBLIC INTOXICATION
3659,277,ROBBERY
3660,277,SEXUAL ASSAULT
3661,277,SHOPLIFTING
3662,277,TRAFFIC VIOLATION
3663,277,VANDALISM
3664,277,VEHICLE - STOLEN
3665,278,ARSON
3666,278,ASSAULT
3667,278,BURGLARY
3668,278,COUNTERFEITING
3669,278,CYBERCRIME
3670,278,DOMESTIC VIOLENCE
3671,278,DRUG OFFENSE
3672,278,EXTORTION
3673,278,FIREARM OFFENSE
3674,278,FRAUD
3675,278,HOMICIDE
3676,278,IDENTITY THEFT
3677,278,ILLEGAL POSSESSION
3678,278,KIDNAPPING
3679,278,PUBLIC INTOXICATION
3680,278,ROBBERY
3681,278,SEXUAL ASSAULT
3682,278,SHOPLIFTING
3683,278,TRAFFIC VIOLATION
3684,278,VANDALISM
3685,278,VEHICLE - STOLEN
3686,279,ARSON
3687,279,ASSAULT
3688,279,BURGLARY
3689,279,COUNTERFEITING
3690,279,CYBERCRIME
3691,279,DOMESTIC VIOLENCE
3692,279,DRUG OFFENSE
3693,279,EXTORTION
3694,279,FIREARM OFFENSE
3695,279,FRAUD
3696,279,HOMICIDE
3697,279,IDENTITY THEFT
3698,279,ILLEGAL POSSESSION
3699,279,KIDNAPPING
3700,279,PUBLIC INTOXICATION
3701,279,ROBBERY
3702,279,SEXUAL ASSAULT
3703,279,SHOPLIFTING
3704,279,TRAFFIC VIOLATION
3705,279,VANDALISM
3706,279,VEHICLE - STOLEN
3707,280,ARSON
3708,280,ASSAULT
3709,280,BURGLARY
3710,280,COUNTERFEITING
3711,280,CYBERCRIME
3712,280,DOMESTIC VIOLENCE
3713,280,DRUG OFFENSE
3714,280,EXTORTION
3715,280,FIREARM OFFENSE
3716,280,FRAUD
3717,280,HOMICIDE
3718,280,IDENTITY THEFT
3719,280,ILLEGAL POSSESSION
3720,280,KIDNAPPING
3721,280,PUBLIC INTOXICATION
3722,280,ROBBERY
3723,280,SEXUAL ASSAULT
3724,280,SHOPLIFTING
3725,280,TRAFFIC VIOLATION
3726,280,VANDALISM
3727,280,VEHICLE - STOLEN
3728,281,ARSON
3729,281,ASSAULT
3730,281,COUNTERFEITING
3731,281,CYBERCRIME
3732,281,DOMESTIC VIOLENCE
3733,281,DRUG OFFENSE
3734,281,EXTORTION
3735,281,FIREARM OFFENSE
3736,281,FRAUD
3737,281,HOMICIDE
3738,281,IDENTITY THEFT
3739,281,ILLEGAL POSSESSION
3740,281,KIDNAPPING
3741,281,PUBLIC INTOXICATION
3742,281,ROBBERY
3743,281,SEXUAL ASSAULT
3744,281,SHOPLIFTING
3745,281,TRAFFIC VIOLATION
3746,281,VANDALISM
3747,281,VEHICLE - STOLEN
3748,282,ARSON
3749,282,ASSAULT
3750,282,BURGLARY
3751,282,COUNTERFEITING
3752,282,CYBERCRIME
3753,282,DOMESTIC VIOLENCE
3754,282,DRUG OFFENSE
3755,282,EXTORTION
3756,282,FRAUD
3757,282,HOMICIDE
3758,282,IDENTITY THEFT
3759,282,ILLEGAL POSSESSION
3760,282,KIDNAPPING
3761,282,ROBBERY
3762,282,SEXUAL ASSAULT
3763,282,SHOPLIFTING
3764,282,TRAFFIC VIOLATION
3765,282,VANDALISM
3766,282,VEHICLE - STOLEN
3767,283,ARSON
3768,283,ASSAULT
3769,283,BURGLARY
3770,283,COUNTERFEITING
3771,283,CYBERCRIME
3772,283,DOMESTIC VIOLENCE
3773,283,DRUG OFFENSE
3774,283,EXTORTION
3775,283,FIREARM OFFENSE
3776,283,FRAUD
3777,283,HOMICIDE
3778,283,IDENTITY THEFT
3779,283,ILLEGAL POSSESSION
3780,283,KIDNAPPING
3781,283,PUBLIC INTOXICATION
3782,283,ROBBERY
3783,283,SEXUAL ASSAULT
3784,283,SHOPLIFTING
3785,283,TRAFFIC VIOLATION
3786,283,VANDALISM
3787,283,VEHICLE - STOLEN
3788,284,ARSON
3789,284,ASSAULT
3790,284,BURGLARY
3791,284,COUNTERFEITING
3792,284,CYBERCRIME
3793,284,DOMESTIC VIOLENCE
3794,284,DRUG OFFENSE
3795,284,EXTORTION
3796,284,FIREARM OFFENSE
3797,284,FRAUD
3798,284,HOMICIDE
3799,284,IDENTITY THEFT
3800,284,ILLEGAL POSSESSION
3801,284,KIDNAPPING
3802,284,PUBLIC INTOXICATION
3803,284,ROBBERY
3804,284,SEXUAL ASSAULT
3805,284,SHOPLIFTING
3806,284,TRAFFIC VIOLATION
3807,284,VANDALISM
3808,284,VEHICLE - STOLEN
3809,285,ARSON
3810,285,ASSAULT
3811,285,BURGLARY
3812,285,COUNTERFEITING
3813,285,CYBERCRIME
3814,285,DOMESTIC VIOLENCE
3815,285,DRUG OFFENSE
3816,285,EXTORTION
3817,285,FIREARM OFFENSE
3818,285,FRAUD
3819,285,HOMICIDE
3820,285,IDENTITY THEFT
3821,285,ILLEGAL POSSESSION
3822,285,KIDNAPPING
3823,285,PUBLIC INTOXICATION
3824,285,ROBBERY
3825,285,SEXUAL ASSAULT
3826,285,SHOPLIFTING
3827,285,TRAFFIC VIOLATION
3828,285,VANDALISM
3829,285,VEHICLE - STOLEN
3830,286,ARSON
3831,286,ASSAULT
3832,286,BURGLARY
3833,286,COUNTERFEITING
3834,286,CYBERCRIME
3835,286,DOMESTIC VIOLENCE
3836,286,DRUG OFFENSE
3837,286,EXTORTION
3838,286,FIREARM OFFENSE
3839,286,FRAUD
3840,286,HOMICIDE
3841,286,IDENTITY THEFT
3842,286,ILLEGAL POSSESSION
3843,286,KIDNAPPING
3844,286,PUBLIC INTOXICATION
3845,286,ROBBERY
3846,286,SEXUAL ASSAULT
3847,286,SHOPLIFTING
3848,286,TRAFFIC VIOLATION
3849,286,VANDALISM
3850,287,ARSON
3851,287,ASSAULT
3852,287,BURGLARY
3853,287,COUNTERFEITING
3854,287,CYBERCRIME
3855,287,DOMESTIC VIOLENCE
3856,287,DRUG OFFENSE
3857,287,EXTORTION
3858,287,FIREARM OFFENSE
3859,287,FRAUD
3860,287,HOMICIDE
3861,287,IDENTITY THEFT
3862,287,ILLEGAL POSSESSION
3863,287,KIDNAPPING
3864,287,PUBLIC INTOXICATION
3865,287,ROBBERY
3866,287,SEXUAL ASSAULT
3867,287,SHOPLIFTING
3868,287,TRAFFIC VIOLATION
3869,287,VANDALISM
3870,287,VEHICLE - STOLEN
3871,288,ARSON
3872,288,ASSAULT
3873,288,BURGLARY
3874,288,COUNTERFEITING
3875,288,CYBERCRIME
3876,288,DOMESTIC VIOLENCE
3877,288,DRUG OFFENSE
3878,288,EXTORTION
3879,288,FIREARM OFFENSE
3880,288,HOMICIDE
3881,288,IDENTITY THEFT
3882,288,ILLEGAL POSSESSION
3883,288,KIDNAPPING
3884,288,PUBLIC INTOXICATION
3885,288,ROBBERY
3886,288,SEXUAL ASSAULT
3887,288,SHOPLIFTING
3888,288,TRAFFIC VIOLATION
3889,288,VANDALISM
3890,288,VEHICLE - STOLEN
3891,289,ARSON
3892,289,ASSAULT
3893,289,BURGLARY
3894,289,COUNTERFEITING
3895,289,CYBERCRIME
3896,289,DOMESTIC VIOLENCE
3897,289,DRUG OFFENSE
3898,289,EXTORTION
3899,289,FIREARM OFFENSE
3900,289,FRAUD
3901,289,HOMICIDE
3902,289,IDENTITY THEFT
3903,289,ILLEGAL POSSESSION
3904,289,KIDNAPPING
3905,289,PUBLIC INTOXICATION
3906,289,ROBBERY
3907,289,SEXUAL ASSAULT
3908,289,SHOPLIFTING
3909,289,TRAFFIC VIOLATION
3910,289,VANDALISM
3911,289,VEHICLE - STOLEN
3912,290,ARSON
3913,290,ASSAULT
3914,290,BURGLARY
3915,290,COUNTERFEITING
3916,290,CYBERCRIME
3917,290,DOMESTIC VIOLENCE
3918,290,DRUG OFFENSE
3919,290,EXTORTION
3920,290,FIREARM OFFENSE
3921,290,FRAUD
3922,290,HOMICIDE
3923,290,IDENTITY THEFT
3924,290,ILLEGAL POSSESSION
3925,290,KIDNAPPING
3926,290,PUBLIC INTOXICATION
3927,290,ROBBERY
3928,290,SEXUAL ASSAULT
3929,290,SHOPLIFTING
3930,290,TRAFFIC VIOLATION
3931,290,VANDALISM
3932,290,VEHICLE - STOLEN
3933,291,ARSON
3934,291,ASSAULT
3935,291,BURGLARY
3936,291,COUNTERFEITING
3937,291,CYBERCRIME
3938,291,DOMESTIC VIOLENCE
3939,291,DRUG OFFENSE
3940,291,EXTORTION
3941,291,FIREARM OFFENSE
3942,291,FRAUD
3943,291,HOMICIDE
3944,291,IDENTITY THEFT
3945,291,ILLEGAL POSSESSION
3946,291,KIDNAPPING
3947,291,PUBLIC INTOXICATION
3948,291,ROBBERY
3949,291,SEXUAL ASSAULT
3950,291,SHOPLIFTING
3951,291,TRAFFIC VIOLATION
3952,291,VANDALISM
3953,291,VEHICLE - STOLEN
3954,292,ARSON
3955,292,ASSAULT
3956,292,BURGLARY
3957,292,COUNTERFEITING
3958,292,CYBERCRIME
3959,292,DOMESTIC VIOLENCE
3960,292,DRUG OFFENSE
3961,292,EXTORTION
3962,292,FIREARM OFFENSE
3963,292,FRAUD
3964,292,HOMICIDE
3965,292,IDENTITY THEFT
3966,292,ILLEGAL POSSESSION
3967,292,KIDNAPPING
3968,292,PUBLIC INTOXICATION
3969,292,SEXUAL ASSAULT
3970,292,SHOPLIFTING
3971,292,TRAFFIC VIOLATION
3972,292,VANDALISM
3973,292,VEHICLE - STOLEN
3974,293,ARSON
3975,293,ASSAULT
3976,293,BURGLARY
3977,293,COUNTERFEITING
3978,293,CYBERCRIME
3979,293,DOMESTIC VIOLENCE
3980,293,DRUG OFFENSE
3981,293,EXTORTION
3982,293,FIREARM OFFENSE
3983,293,FRAUD
3984,293,HOMICIDE
3985,293,IDENTITY THEFT
3986,293,ILLEGAL POSSESSION
3987,293,KIDNAPPING
3988,293,PUBLIC INTOXICATION
3989,293,ROBBERY
3990,293,SEXUAL ASSAULT
3991,293,SHOPLIFTING
3992,293,TRAFFIC VIOLATION
3993,293,VANDALISM
3994,293,VEHICLE - STOLEN
3995,294,ARSON
3996,294,ASSAULT
3997,294,BURGLARY
3998,294,COUNTERFEITING
3999,294,CYBERCRIME
4000,294,DOMESTIC VIOLENCE
4001,294,DRUG OFFENSE
4002,294,EXTORTION
4003,294,FIREARM OFFENSE
4004,294,FRAUD
4005,294,HOMICIDE
4006,294,IDENTITY THEFT
4007,294,ILLEGAL POSSESSION
4008,294,KIDNAPPING
4009,294,PUBLIC INTOXICATION
4010,294,ROBBERY
4011,294,SEXUAL ASSAULT
4012,294,SHOPLIFTING
4013,294,TRAFFIC VIOLATION
4014,294,VANDALISM
4015,294,VEHICLE - STOLEN
4016,295,ARSON
4017,295,ASSAULT
4018,295,BURGLARY
4019,295,COUNTERFEITING
4020,295,DOMESTIC VIOLENCE
4021,295,DRUG OFFENSE
4022,295,EXTORTION
4023,295,FIREARM OFFENSE
4024,295,FRAUD
4025,295,HOMICIDE
4026,295,IDENTITY THEFT
4027,295,ILLEGAL POSSESSION
4028,295,KIDNAPPING
4029,295,PUBLIC INTOXICATION
4030,295,ROBBERY
4031,295,SEXUAL ASSAULT
4032,295,SHOPLIFTING
4033,295,TRAFFIC VIOLATION
4034,295,VANDALISM
4035,295,VEHICLE - STOLEN
4036,296,ARSON
4037,296,ASSAULT
4038,296,BURGLARY
4039,296,COUNTERFEITING
4040,296,CYBERCRIME
4041,296,DOMESTIC VIOLENCE
4042,296,DRUG OFFENSE
4043,296,EXTORTION
4044,296,FIREARM OFFENSE
4045,296,FRAUD
4046,296,HOMICIDE
4047,296,IDENTITY THEFT
4048,296,ILLEGAL POSSESSION
4049,296,KIDNAPPING
4050,296,PUBLIC INTOXICATION
4051,296,ROBBERY
4052,296,SEXUAL ASSAULT
4053,296,SHOPLIFTING
4054,296,TRAFFIC VIOLATION
4055,296,VANDALISM
4056,296,VEHICLE - STOLEN
4057,297,ARSON
4058,297,ASSAULT
4059,297,BURGLARY
4060,297,COUNTERFEITING
4061,297,CYBERCRIME
4062,297,DOMESTIC VIOLENCE
4063,297,DRUG OFFENSE
4064,297,EXTORTION
4065,297,FIREARM OFFENSE
4066,297,FRAUD
4067,297,HOMICIDE
4068,297,IDENTITY THEFT
4069,297,ILLEGAL POSSESSION
4070,297,KIDNAPPING
4071,297,PUBLIC INTOXICATION
4072,297,ROBBERY
4073,297,SEXUAL ASSAULT
4074,297,SHOPLIFTING
4075,297,TRAFFIC VIOLATION
4076,297,VANDALISM
4077,297,VEHICLE - STOLEN
4078,298,ARSON
4079,298,ASSAULT
4080,298,BURGLARY
4081,298,COUNTERFEITING
4082,298,CYBERCRIME
4083,298,DOMESTIC VIOLENCE
4084,298,DRUG OFFENSE
4085,298,EXTORTION
4086,298,FIREARM OFFENSE
4087,298,FRAUD
4088,298,HOMICIDE
4089,298,IDENTITY THEFT
4090,298,ILLEGAL POSSESSION
4091,298,KIDNAPPING
4092,298,PUBLIC INTOXICATION
4093,298,ROBBERY
4094,298,SHOPLIFTING
4095,298,TRAFFIC VIOLATION
4096,298,VANDALISM
4097,298,VEHICLE - STOLEN
4098,299,ARSON
4099,299,ASSAULT
4100,299,BURGLARY
4101,299,COUNTERFEITING
4102,299,CYBERCRIME
4103,299,DOMESTIC VIOLENCE
4104,299,DRUG OFFENSE
4105,299,EXTORTION
4106,299,FIREARM OFFENSE
4107,299,FRAUD
4108,299,HOMICIDE
4109,299,IDENTITY THEFT
4110,299,ILLEGAL POSSESSION
4111,299,KIDNAPPING
4112,299,PUBLIC INTOXICATION
4113,299,ROBBERY
4114,299,SEXUAL ASSAULT
4115,299,SHOPLIFTING
4116,299,TRAFFIC VIOLATION
4117,299,VANDALISM
4118,299,VEHICLE - STOLEN
4119,300,ARSON
4120,300,ASSAULT
4121,300,BURGLARY
4122,300,COUNTERFEITING
4123,300,CYBERCRIME
4124,300,DOMESTIC VIOLENCE
4125,300,DRUG OFFENSE
4126,300,EXTORTION
4127,300,FIREARM OFFENSE
4128,300,FRAUD
4129,300,HOMICIDE
4130,300,IDENTITY THEFT
4131,300,ILLEGAL POSSESSION
4132,300,KIDNAPPING
4133,300,PUBLIC INTOXICATION
4134,300,ROBBERY
4135,300,SEXUAL ASSAULT
4136,300,SHOPLIFTING
4137,300,TRAFFIC VIOLATION
4138,300,VANDALISM
4139,300,VEHICLE - STOLEN
4140,301,ARSON
4141,301,ASSAULT
4142,301,BURGLARY
4143,301,COUNTERFEITING
4144,301,CYBERCRIME
4145,301,DOMESTIC VIOLENCE
4146,301,DRUG OFFENSE
4147,301,EXTORTION
4148,301,FIREARM OFFENSE
4149,301,FRAUD
4150,301,HOMICIDE
4151,301,IDENTITY THEFT
4152,301,ILLEGAL POSSESSION
4153,301,KIDNAPPING
4154,301,PUBLIC INTOXICATION
4155,301,ROBBERY
4156,301,SEXUAL ASSAULT
4157,301,SHOPLIFTING
4158,301,TRAFFIC VIOLATION
4159,301,VANDALISM
4160,301,VEHICLE - STOLEN
4161,302,ARSON
4162,302,ASSAULT
4163,302,BURGLARY
4164,302,CYBERCRIME
4165,302,DOMESTIC VIOLENCE
4166,302,DRUG OFFENSE
4167,302,EXTORTION
4168,302,FIREARM OFFENSE
4169,302,FRAUD
4170,302,HOMICIDE
4171,302,ILLEGAL POSSESSION
4172,302,KIDNAPPING
4173,302,PUBLIC INTOXICATION
4174,302,ROBBERY
4175,302,SEXUAL ASSAULT
4176,302,SHOPLIFTING
4177,302,TRAFFIC VIOLATION
4178,302,VANDALISM
4179,302,VEHICLE - STOLEN
4180,303,ARSON
4181,303,ASSAULT
4182,303,BURGLARY
4183,303,COUNTERFEITING
4184,303,CYBERCRIME
4185,303,DOMESTIC VIOLENCE
4186,303,DRUG OFFENSE
4187,303,EXTORTION
4188,303,FIREARM OFFENSE
4189,303,FRAUD
4190,303,HOMICIDE
4191,303,IDENTITY THEFT
4192,303,ILLEGAL POSSESSION
4193,303,KIDNAPPING
4194,303,PUBLIC INTOXICATION
4195,303,ROBBERY
4196,303,SEXUAL ASSAULT
4197,303,SHOPLIFTING
4198,303,TRAFFIC VIOLATION
4199,303,VEHICLE - STOLEN
4200,304,ARSON
4201,304,ASSAULT
4202,304,BURGLARY
4203,304,COUNTERFEITING
4204,304,CYBERCRIME
4205,304,DOMESTIC VIOLENCE
4206,304,DRUG OFFENSE
4207,304,EXTORTION
4208,304,FIREARM OFFENSE
4209,304,HOMICIDE
4210,304,IDENTITY THEFT
4211,304,ILLEGAL POSSESSION
4212,304,KIDNAPPING
4213,304,PUBLIC INTOXICATION
4214,304,ROBBERY
4215,304,SEXUAL ASSAULT
4216,304,SHOPLIFTING
4217,304,TRAFFIC VIOLATION
4218,304,VANDALISM
4219,304,VEHICLE - STOLEN
4220,305,ARSON
4221,305,ASSAULT
4222,305,BURGLARY
4223,305,COUNTERFEITING
4224,305,CYBERCRIME
4225,305,DOMESTIC VIOLENCE
4226,305,DRUG OFFENSE
4227,305,EXTORTION
4228,305,FIREARM OFFENSE
4229,305,FRAUD
4230,305,HOMICIDE
4231,305,IDENTITY THEFT
4232,305,ILLEGAL POSSESSION
4233,305,KIDNAPPING
4234,305,PUBLIC INTOXICATION
4235,305,ROBBERY
4236,305,SEXUAL ASSAULT
4237,305,SHOPLIFTING
4238,305,TRAFFIC VIOLATION
4239,305,VANDALISM
4240,305,VEHICLE - STOLEN
4241,306,ARSON
4242,306,ASSAULT
4243,306,BURGLARY
4244,306,COUNTERFEITING
4245,306,CYBERCRIME
4246,306,DOMESTIC VIOLENCE
4247,306,DRUG OFFENSE
4248,306,EXTORTION
4249,306,FIREARM OFFENSE
4250,306,FRAUD
4251,306,HOMICIDE
4252,306,IDENTITY THEFT
4253,306,ILLEGAL POSSESSION
4254,306,KIDNAPPING
4255,306,PUBLIC INTOXICATION
4256,306,ROBBERY
4257,306,SEXUAL ASSAULT
4258,306,SHOPLIFTING
4259,306,TRAFFIC VIOLATION
4260,306,VANDALISM
4261,306,VEHICLE - STOLEN
4262,307,ARSON
4263,307,ASSAULT
4264,307,BURGLARY
4265,307,COUNTERFEITING
4266,307,CYBERCRIME
4267,307,DOMESTIC VIOLENCE
4268,307,DRUG OFFENSE
4269,307,EXTORTION
4270,307,FIREARM OFFENSE
4271,307,FRAUD
4272,307,HOMICIDE
4273,307,IDENTITY THEFT
4274,307,ILLEGAL POSSESSION
4275,307,KIDNAPPING
4276,307,PUBLIC INTOXICATION
4277,307,ROBBERY
4278,307,SEXUAL ASSAULT
4279,307,SHOPLIFTING
4280,307,TRAFFIC VIOLATION
4281,307,VANDALISM
4282,307,VEHICLE - STOLEN
4283,308,ARSON
4284,308,ASSAULT
4285,308,BURGLARY
4286,308,COUNTERFEITING
4287,308,CYBERCRIME
4288,308,DOMESTIC VIOLENCE
4289,308,DRUG OFFENSE
4290,308,EXTORTION
4291,308,FIREARM OFFENSE
4292,308,FRAUD
4293,308,HOMICIDE
4294,308,IDENTITY THEFT
4295,308,ILLEGAL POSSESSION
4296,308,KIDNAPPING
4297,308,PUBLIC INTOXICATION
4298,308,ROBBERY
4299,308,SEXUAL ASSAULT
4300,308,SHOPLIFTING
4301,308,TRAFFIC VIOLATION
4302,308,VANDALISM
4303,308,VEHICLE - STOLEN
4304,309,ARSON
4305,309,ASSAULT
4306,309,BURGLARY
4307,309,COUNTERFEITING
4308,309,CYBERCRIME
4309,309,DOMESTIC VIOLENCE
4310,309,DRUG OFFENSE
4311,309,EXTORTION
4312,309,FIREARM OFFENSE
4313,309,FRAUD
4314,309,HOMICIDE
4315,309,IDENTITY THEFT
4316,309,ILLEGAL POSSESSION
4317,309,KIDNAPPING
4318,309,PUBLIC INTOXICATION
4319,309,ROBBERY
4320,309,SEXUAL ASSAULT
4321,309,SHOPLIFTING
4322,309,TRAFFIC VIOLATION
4323,309,VANDALISM
4324,309,VEHICLE - STOLEN
4325,310,ARSON
4326,310,ASSAULT
4327,310,BURGLARY
4328,310,COUNTERFEITING
4329,310,CYBERCRIME
4330,310,DOMESTIC VIOLENCE
4331,310,DRUG OFFENSE
4332,310,EXTORTION
4333,310,FIREARM OFFENSE
4334,310,FRAUD
4335,310,HOMICIDE
4336,310,IDENTITY THEFT
4337,310,ILLEGAL POSSESSION
4338,310,KIDNAPPING
4339,310,PUBLIC INTOXICATION
4340,310,ROBBERY
4341,310,SEXUAL ASSAULT
4342,310,SHOPLIFTING
4343,310,TRAFFIC VIOLATION
4344,310,VANDALISM
4345,310,VEHICLE - STOLEN
4346,311,ARSON
4347,311,ASSAULT
4348,311,BURGLARY
4349,311,COUNTERFEITING
4350,311,CYBERCRIME
4351,311,DOMESTIC VIOLENCE
4352,311,DRUG OFFENSE
4353,311,EXTORTION
4354,311,FIREARM OFFENSE
4355,311,FRAUD
4356,311,HOMICIDE
4357,311,IDENTITY THEFT
4358,311,ILLEGAL POSSESSION
4359,311,KIDNAPPING
4360,311,PUBLIC INTOXICATION
4361,311,ROBBERY
4362,311,SEXUAL ASSAULT
4363,311,SHOPLIFTING
4364,311,TRAFFIC VIOLATION
4365,311,VANDALISM
4366,311,VEHICLE - STOLEN
4367,312,ARSON
4368,312,ASSAULT
4369,312,BURGLARY
4370,312,COUNTERFEITING
4371,312,CYBERCRIME
4372,312,DOMESTIC VIOLENCE
4373,312,DRUG OFFENSE
4374,312,EXTORTION
4375,312,FIREARM OFFENSE
4376,312,FRAUD
4377,312,HOMICIDE
4378,312,IDENTITY THEFT
4379,312,KIDNAPPING
4380,312,PUBLIC INTOXICATION
4381,312,ROBBERY
4382,312,SEXUAL ASSAULT
4383,312,SHOPLIFTING
4384,312,TRAFFIC VIOLATION
4385,312,VANDALISM
4386,312,VEHICLE - STOLEN
4387,313,ARSON
4388,313,ASSAULT
4389,313,BURGLARY
4390,313,COUNTERFEITING
4391,313,CYBERCRIME
4392,313,DOMESTIC VIOLENCE
4393,313,DRUG OFFENSE
4394,313,EXTORTION
4395,313,FIREARM OFFENSE
4396,313,FRAUD
4397,313,HOMICIDE
4398,313,IDENTITY THEFT
4399,313,ILLEGAL POSSESSION
4400,313,KIDNAPPING
4401,313,PUBLIC INTOXICATION
4402,313,ROBBERY
4403,313,SEXUAL ASSAULT
4404,313,SHOPLIFTING
4405,313,TRAFFIC VIOLATION
4406,313,VANDALISM
4407,313,VEHICLE - STOLEN
4408,314,ARSON
4409,314,ASSAULT
4410,314,BURGLARY
4411,314,COUNTERFEITING
4412,314,CYBERCRIME
4413,314,DOMESTIC VIOLENCE
4414,314,DRUG OFFENSE
4415,314,EXTORTION
4416,314,FIREARM OFFENSE
4417,314,FRAUD
4418,314,HOMICIDE
4419,314,IDENTITY THEFT
4420,314,ILLEGAL POSSESSION
4421,314,KIDNAPPING
4422,314,PUBLIC INTOXICATION
4423,314,ROBBERY
4424,314,SEXUAL ASSAULT
4425,314,SHOPLIFTING
4426,314,TRAFFIC VIOLATION
4427,314,VANDALISM
4428,314,VEHICLE - STOLEN
4429,315,ARSON
4430,315,ASSAULT
4431,315,BURGLARY
4432,315,COUNTERFEITING
4433,315,CYBERCRIME
4434,315,DOMESTIC VIOLENCE
4435,315,DRUG OFFENSE
4436,315,EXTORTION
4437,315,FIREARM OFFENSE
4438,315,FRAUD
4439,315,HOMICIDE
4440,315,IDENTITY THEFT
4441,315,ILLEGAL POSSESSION
4442,315,KIDNAPPING
4443,315,PUBLIC INTOXICATION
4444,315,ROBBERY
4445,315,SEXUAL ASSAULT
4446,315,SHOPLIFTING
4447,315,TRAFFIC VIOLATION
4448,315,VANDALISM
4449,315,VEHICLE - STOLEN
4450,316,ARSON
4451,316,ASSAULT
4452,316,BURGLARY
4453,316,COUNTERFEITING
4454,316,CYBERCRIME
4455,316,DOMESTIC VIOLENCE
4456,316,DRUG OFFENSE
4457,316,EXTORTION
4458,316,FIREARM OFFENSE
4459,316,FRAUD
4460,316,HOMICIDE
4461,316,IDENTITY THEFT
4462,316,ILLEGAL POSSESSION
4463,316,KIDNAPPING
4464,316,PUBLIC INTOXICATION
4465,316,ROBBERY
4466,316,SEXUAL ASSAULT
4467,316,SHOPLIFTING
4468,316,TRAFFIC VIOLATION
4469,316,VANDALISM
4470,316,VEHICLE - STOLEN
4471,317,ARSON
4472,317,ASSAULT
4473,317,BURGLARY
4474,317,COUNTERFEITING
4475,317,CYBERCRIME
4476,317,DOMESTIC VIOLENCE
4477,317,DRUG OFFENSE
4478,317,EXTORTION
4479,317,FIREARM OFFENSE
4480,317,FRAUD
4481,317,IDENTITY THEFT
4482,317,ILLEGAL POSSESSION
4483,317,KIDNAPPING
4484,317,PUBLIC INTOXICATION
4485,317,ROBBERY
4486,317,SEXUAL ASSAULT
4487,317,SHOPLIFTING
4488,317,TRAFFIC VIOLATION
4489,317,VANDALISM
4490,317,VEHICLE - STOLEN
4491,318,ARSON
4492,318,ASSAULT
4493,318,BURGLARY
4494,318,COUNTERFEITING
4495,318,CYBERCRIME
4496,318,DOMESTIC VIOLENCE
4497,318,DRUG OFFENSE
4498,318,EXTORTION
4499,318,FIREARM OFFENSE
4500,318,FRAUD
4501,318,HOMICIDE
4502,318,IDENTITY THEFT
4503,318,ILLEGAL POSSESSION
4504,318,KIDNAPPING
4505,318,PUBLIC INTOXICATION
4506,318,ROBBERY
4507,318,SEXUAL ASSAULT
4508,318,SHOPLIFTING
4509,318,TRAFFIC VIOLATION
4510,318,VANDALISM
4511,318,VEHICLE - STOLEN
4512,319,ARSON
4513,319,ASSAULT
4514,319,BURGLARY
4515,319,COUNTERFEITING
4516,319,CYBERCRIME
4517,319,DOMESTIC VIOLENCE
4518,319,DRUG OFFENSE
4519,319,EXTORTION
4520,319,FIREARM OFFENSE
4521,319,FRAUD
4522,319,HOMICIDE
4523,319,IDENTITY THEFT
4524,319,ILLEGAL POSSESSION
4525,319,KIDNAPPING
4526,319,PUBLIC INTOXICATION
4527,319,ROBBERY
4528,319,SEXUAL ASSAULT
4529,319,SHOPLIFTING
4530,319,TRAFFIC VIOLATION
4531,319,VANDALISM
4532,319,VEHICLE - STOLEN
4533,320,ARSON
4534,320,ASSAULT
4535,320,BURGLARY
4536,320,COUNTERFEITING
4537,320,CYBERCRIME
4538,320,DOMESTIC VIOLENCE
4539,320,DRUG OFFENSE
4540,320,EXTORTION
4541,320,FIREARM OFFENSE
4542,320,FRAUD
4543,320,HOMICIDE
4544,320,IDENTITY THEFT
4545,320,ILLEGAL POSSESSION
4546,320,KIDNAPPING
4547,320,PUBLIC INTOXICATION
4548,320,ROBBERY
4549,320,SEXUAL ASSAULT
4550,320,SHOPLIFTING
4551,320,TRAFFIC VIOLATION
4552,320,VANDALISM
4553,320,VEHICLE - STOLEN
4554,321,ARSON
4555,321,ASSAULT
4556,321,BURGLARY
4557,321,COUNTERFEITING
4558,321,CYBERCRIME
4559,321,DOMESTIC VIOLENCE
4560,321,DRUG OFFENSE
4561,321,EXTORTION
4562,321,FIREARM OFFENSE
4563,321,FRAUD
4564,321,HOMICIDE
4565,321,IDENTITY THEFT
4566,321,ILLEGAL POSSESSION
4567,321,KIDNAPPING
4568,321,PUBLIC INTOXICATION
4569,321,ROBBERY
4570,321,SEXUAL ASSAULT
4571,321,SHOPLIFTING
4572,321,TRAFFIC VIOLATION
4573,321,VANDALISM
4574,321,VEHICLE - STOLEN
4575,322,ARSON
4576,322,ASSAULT
4577,322,BURGLARY
4578,322,COUNTERFEITING
4579,322,CYBERCRIME
4580,322,DOMESTIC VIOLENCE
4581,322,DRUG OFFENSE
4582,322,EXTORTION
4583,322,FIREARM OFFENSE
4584,322,FRAUD
4585,322,HOMICIDE
4586,322,IDENTITY THEFT
4587,322,ILLEGAL POSSESSION
4588,322,KIDNAPPING
4589,322,PUBLIC INTOXICATION
4590,322,ROBBERY
4591,322,SEXUAL ASSAULT
4592,322,SHOPLIFTING
4593,322,TRAFFIC VIOLATION
4594,322,VANDALISM
4595,322,VEHICLE - STOLEN
4596,323,ARSON
4597,323,ASSAULT
4598,323,BURGLARY
4599,323,COUNTERFEITING
4600,323,CYBERCRIME
4601,323,DOMESTIC VIOLENCE
4602,323,DRUG OFFENSE
4603,323,EXTORTION
4604,323,FIREARM OFFENSE
4605,323,FRAUD
4606,323,HOMICIDE
4607,323,IDENTITY THEFT
4608,323,ILLEGAL POSSESSION
4609,323,KIDNAPPING
4610,323,PUBLIC INTOXICATION
4611,323,ROBBERY
4612,323,SEXUAL ASSAULT
4613,323,SHOPLIFTING
4614,323,TRAFFIC VIOLATION
4615,323,VANDALISM
4616,323,VEHICLE - STOLEN
4617,324,ARSON
4618,324,ASSAULT
4619,324,BURGLARY
4620,324,COUNTERFEITING
4621,324,CYBERCRIME
4622,324,DOMESTIC VIOLENCE
4623,324,DRUG OFFENSE
4624,324,EXTORTION
4625,324,FIREARM OFFENSE
4626,324,FRAUD
4627,324,HOMICIDE
4628,324,IDENTITY THEFT
4629,324,ILLEGAL POSSESSION
4630,324,KIDNAPPING
4631,324,PUBLIC INTOXICATION
4632,324,ROBBERY
4633,324,SEXUAL ASSAULT
4634,324,SHOPLIFTING
4635,324,TRAFFIC VIOLATION
4636,324,VANDALISM
4637,324,VEHICLE - STOLEN
4638,325,ARSON
4639,325,ASSAULT
4640,325,BURGLARY
4641,325,COUNTERFEITING
4642,325,CYBERCRIME
4643,325,DRUG OFFENSE
4644,325,EXTORTION
4645,325,FIREARM OFFENSE
4646,325,FRAUD
4647,325,HOMICIDE
4648,325,IDENTITY THEFT
4649,325,ILLEGAL POSSESSION
4650,325,KIDNAPPING
4651,325,PUBLIC INTOXICATION
4652,325,ROBBERY
4653,325,SEXUAL ASSAULT
4654,325,SHOPLIFTING
4655,325,TRAFFIC VIOLATION
4656,325,VANDALISM
4657,325,VEHICLE - STOLEN
4658,326,ARSON
4659,326,ASSAULT
4660,326,BURGLARY
4661,326,COUNTERFEITING
4662,326,CYBERCRIME
4663,326,DOMESTIC VIOLENCE
4664,326,DRUG OFFENSE
4665,326,EXTORTION
4666,326,FIREARM OFFENSE
4667,326,FRAUD
4668,326,HOMICIDE
4669,326,IDENTITY THEFT
4670,326,ILLEGAL POSSESSION
4671,326,KIDNAPPING
4672,326,PUBLIC INTOXICATION
4673,326,ROBBERY
4674,326,SEXUAL ASSAULT
4675,326,SHOPLIFTING
4676,326,TRAFFIC VIOLATION
4677,326,VANDALISM
4678,326,VEHICLE - STOLEN
4679,327,ARSON
4680,327,ASSAULT
4681,327,BURGLARY
4682,327,COUNTERFEITING
4683,327,CYBERCRIME
4684,327,DOMESTIC VIOLENCE
4685,327,DRUG OFFENSE
4686,327,EXTORTION
4687,327,FIREARM OFFENSE
4688,327,FRAUD
4689,327,HOMICIDE
4690,327,IDENTITY THEFT
4691,327,ILLEGAL POSSESSION
4692,327,KIDNAPPING
4693,327,PUBLIC INTOXICATION
4694,327,ROBBERY
4695,327,SEXUAL ASSAULT
4696,327,SHOPLIFTING
4697,327,TRAFFIC VIOLATION
4698,327,VANDALISM
4699,327,VEHICLE - STOLEN
4700,328,ASSAULT
4701,328,BURGLARY
4702,328,COUNTERFEITING
4703,328,CYBERCRIME
4704,328,DOMESTIC VIOLENCE
4705,328,DRUG OFFENSE
4706,328,EXTORTION
4707,328,FIREARM OFFENSE
4708,328,FRAUD
4709,328,HOMICIDE
4710,328,IDENTITY THEFT
4711,328,ILLEGAL POSSESSION
4712,328,KIDNAPPING
4713,328,PUBLIC INTOXICATION
4714,328,ROBBERY
4715,328,SEXUAL ASSAULT
4716,328,SHOPLIFTING
4717,328,TRAFFIC VIOLATION
4718,328,VANDALISM
4719,328,VEHICLE - STOLEN
4720,329,ARSON
4721,329,ASSAULT
4722,329,BURGLARY
4723,329,COUNTERFEITING
4724,329,CYBERCRIME
4725,329,DOMESTIC VIOLENCE
4726,329,DRUG OFFENSE
4727,329,EXTORTION
4728,329,FIREARM OFFENSE
4729,329,FRAUD
4730,329,HOMICIDE
4731,329,IDENTITY THEFT
4732,329,ILLEGAL POSSESSION
4733,329,KIDNAPPING
4734,329,PUBLIC INTOXICATION
4735,329,ROBBERY
4736,329,SEXUAL ASSAULT
4737,329,SHOPLIFTING
4738,329,TRAFFIC VIOLATION
4739,329,VEHICLE - STOLEN
4740,330,ARSON
4741,330,ASSAULT
4742,330,BURGLARY
4743,330,COUNTERFEITING
4744,330,CYBERCRIME
4745,330,DOMESTIC VIOLENCE
4746,330,DRUG OFFENSE
4747,330,EXTORTION
4748,330,FIREARM OFFENSE
4749,330,FRAUD
4750,330,HOMICIDE
4751,330,IDENTITY THEFT
4752,330,ILLEGAL POSSESSION
4753,330,KIDNAPPING
4754,330,PUBLIC INTOXICATION
4755,330,ROBBERY
4756,330,SEXUAL ASSAULT
4757,330,SHOPLIFTING
4758,330,TRAFFIC VIOLATION
4759,330,VANDALISM
4760,330,VEHICLE - STOLEN
4761,331,ARSON
4762,331,ASSAULT
4763,331,BURGLARY
4764,331,COUNTERFEITING
4765,331,CYBERCRIME
4766,331,DOMESTIC VIOLENCE
4767,331,DRUG OFFENSE
4768,331,EXTORTION
4769,331,FIREARM OFFENSE
4770,331,FRAUD
4771,331,HOMICIDE
4772,331,IDENTITY THEFT
4773,331,ILLEGAL POSSESSION
4774,331,KIDNAPPING
4775,331,PUBLIC INTOXICATION
4776,331,ROBBERY
4777,331,SEXUAL ASSAULT
4778,331,SHOPLIFTING
4779,331,TRAFFIC VIOLATION
4780,331,VANDALISM
4781,331,VEHICLE - STOLEN
4782,332,ARSON
4783,332,ASSAULT
4784,332,BURGLARY
4785,332,COUNTERFEITING
4786,332,CYBERCRIME
4787,332,DOMESTIC VIOLENCE
4788,332,DRUG OFFENSE
4789,332,EXTORTION
4790,332,FIREARM OFFENSE
4791,332,FRAUD
4792,332,HOMICIDE
4793,332,IDENTITY THEFT
4794,332,ILLEGAL POSSESSION
4795,332,KIDNAPPING
4796,332,PUBLIC INTOXICATION
4797,332,ROBBERY
4798,332,SEXUAL ASSAULT
4799,332,SHOPLIFTING
4800,332,TRAFFIC VIOLATION
4801,332,VANDALISM
4802,332,VEHICLE - STOLEN
4803,333,ARSON
4804,333,ASSAULT
4805,333,BURGLARY
4806,333,COUNTERFEITING
4807,333,CYBERCRIME
4808,333,DOMESTIC VIOLENCE
4809,333,DRUG OFFENSE
4810,333,EXTORTION
4811,333,FIREARM OFFENSE
4812,333,FRAUD
4813,333,HOMICIDE
4814,333,IDENTITY THEFT
4815,333,ILLEGAL POSSESSION
4816,333,KIDNAPPING
4817,333,PUBLIC INTOXICATION
4818,333,ROBBERY
4819,333,SEXUAL ASSAULT
4820,333,SHOPLIFTING
4821,333,TRAFFIC VIOLATION
4822,333,VANDALISM
4823,333,VEHICLE - STOLEN
4824,334,ARSON
4825,334,ASSAULT
4826,334,BURGLARY
4827,334,CYBERCRIME
4828,334,DOMESTIC VIOLENCE
4829,334,DRUG OFFENSE
4830,334,EXTORTION
4831,334,FIREARM OFFENSE
4832,334,FRAUD
4833,334,HOMICIDE
4834,334,IDENTITY THEFT
4835,334,ILLEGAL POSSESSION
4836,334,KIDNAPPING
4837,334,PUBLIC INTOXICATION
4838,334,ROBBERY
4839,334,SEXUAL ASSAULT
4840,334,SHOPLIFTING
4841,334,TRAFFIC VIOLATION
4842,334,VANDALISM
4843,334,VEHICLE - STOLEN
4844,335,ARSON
4845,335,ASSAULT
4846,335,BURGLARY
4847,335,COUNTERFEITING
4848,335,CYBERCRIME
4849,335,DOMESTIC VIOLENCE
4850,335,DRUG OFFENSE
4851,335,EXTORTION
4852,335,FIREARM OFFENSE
4853,335,FRAUD
4854,335,HOMICIDE
4855,335,IDENTITY THEFT
4856,335,KIDNAPPING
4857,335,PUBLIC INTOXICATION
4858,335,ROBBERY
4859,335,SEXUAL ASSAULT
4860,335,SHOPLIFTING
4861,335,TRAFFIC VIOLATION
4862,335,VANDALISM
4863,335,VEHICLE - STOLEN
4864,336,ARSON
4865,336,ASSAULT
4866,336,BURGLARY
4867,336,COUNTERFEITING
4868,336,CYBERCRIME
4869,336,DOMESTIC VIOLENCE
4870,336,DRUG OFFENSE
4871,336,EXTORTION
4872,336,FIREARM OFFENSE
4873,336,FRAUD
4874,336,HOMICIDE
4875,336,IDENTITY THEFT
4876,336,ILLEGAL POSSESSION
4877,336,KIDNAPPING
4878,336,PUBLIC INTOXICATION
4879,336,ROBBERY
4880,336,SEXUAL ASSAULT
4881,336,SHOPLIFTING
4882,336,TRAFFIC VIOLATION
4883,336,VANDALISM
4884,336,VEHICLE - STOLEN
4885,337,ARSON
4886,337,ASSAULT
4887,337,BURGLARY
4888,337,COUNTERFEITING
4889,337,CYBERCRIME
4890,337,DOMESTIC VIOLENCE
4891,337,DRUG OFFENSE
4892,337,EXTORTION
4893,337,FIREARM OFFENSE
4894,337,FRAUD
4895,337,HOMICIDE
4896,337,IDENTITY THEFT
4897,337,ILLEGAL POSSESSION
4898,337,KIDNAPPING
4899,337,PUBLIC INTOXICATION
4900,337,ROBBERY
4901,337,SEXUAL ASSAULT
4902,337,SHOPLIFTING
4903,337,TRAFFIC VIOLATION
4904,337,VANDALISM
4905,337,VEHICLE - STOLEN
4906,338,ARSON
4907,338,ASSAULT
4908,338,BURGLARY
4909,338,COUNTERFEITING
4910,338,CYBERCRIME
4911,338,DOMESTIC VIOLENCE
4912,338,DRUG OFFENSE
4913,338,EXTORTION
4914,338,FIREARM OFFENSE
4915,338,FRAUD
4916,338,HOMICIDE
4917,338,IDENTITY THEFT
4918,338,ILLEGAL POSSESSION
4919,338,KIDNAPPING
4920,338,PUBLIC INTOXICATION
4921,338,ROBBERY
4922,338,SEXUAL ASSAULT
4923,338,SHOPLIFTING
4924,338,TRAFFIC VIOLATION
4925,338,VANDALISM
4926,338,VEHICLE - STOLEN
4927,339,ARSON
4928,339,ASSAULT
4929,339,BURGLARY
4930,339,COUNTERFEITING
4931,339,CYBERCRIME
4932,339,DOMESTIC VIOLENCE
4933,339,DRUG OFFENSE
4934,339,EXTORTION
4935,339,FIREARM OFFENSE
4936,339,FRAUD
4937,339,HOMICIDE
4938,339,IDENTITY THEFT
4939,339,ILLEGAL POSSESSION
4940,339,KIDNAPPING
4941,339,PUBLIC INTOXICATION
4942,339,ROBBERY
4943,339,SEXUAL ASSAULT
4944,339,SHOPLIFTING
4945,339,TRAFFIC VIOLATION
4946,339,VANDALISM
4947,339,VEHICLE - STOLEN
4948,340,ARSON
4949,340,ASSAULT
4950,340,BURGLARY
4951,340,COUNTERFEITING
4952,340,CYBERCRIME
4953,340,DOMESTIC VIOLENCE
4954,340,DRUG OFFENSE
4955,340,EXTORTION
4956,340,FRAUD
4957,340,HOMICIDE
4958,340,IDENTITY THEFT
4959,340,ILLEGAL POSSESSION
4960,340,KIDNAPPING
4961,340,PUBLIC INTOXICATION
4962,340,ROBBERY
4963,340,SEXUAL ASSAULT
4964,340,SHOPLIFTING
4965,340,TRAFFIC VIOLATION
4966,340,VANDALISM
4967,340,VEHICLE - STOLEN
4968,341,ARSON
4969,341,ASSAULT
4970,341,BURGLARY
4971,341,COUNTERFEITING
4972,341,CYBERCRIME
4973,341,DOMESTIC VIOLENCE
4974,341,DRUG OFFENSE
4975,341,EXTORTION
4976,341,FIREARM OFFENSE
4977,341,FRAUD
4978,341,HOMICIDE
4979,341,IDENTITY THEFT
4980,341,ILLEGAL POSSESSION
4981,341,KIDNAPPING
4982,341,PUBLIC INTOXICATION
4983,341,ROBBERY
4984,341,SEXUAL ASSAULT
4985,341,SHOPLIFTING
4986,341,TRAFFIC VIOLATION
4987,341,VANDALISM
4988,341,VEHICLE - STOLEN
4989,342,ARSON
4990,342,ASSAULT
4991,342,BURGLARY
4992,342,COUNTERFEITING
4993,342,CYBERCRIME
4994,342,DOMESTIC VIOLENCE
4995,342,DRUG OFFENSE
4996,342,EXTORTION
4997,342,FIREARM OFFENSE
4998,342,FRAUD
4999,342,HOMICIDE
5000,342,IDENTITY THEFT
5001,342,ILLEGAL POSSESSION
5002,342,KIDNAPPING
5003,342,PUBLIC INTOXICATION
5004,342,ROBBERY
5005,342,SEXUAL ASSAULT
5006,342,SHOPLIFTING
5007,342,TRAFFIC VIOLATION
5008,342,VANDALISM
5009,342,VEHICLE - STOLEN
5010,343,ARSON
5011,343,ASSAULT
5012,343,BURGLARY
5013,343,COUNTERFEITING
5014,343,CYBERCRIME
5015,343,DOMESTIC VIOLENCE
5016,343,DRUG OFFENSE
5017,343,EXTORTION
5018,343,FIREARM OFFENSE
5019,343,FRAUD
5020,343,HOMICIDE
5021,343,IDENTITY THEFT
5022,343,ILLEGAL POSSESSION
5023,343,KIDNAPPING
5024,343,PUBLIC INTOXICATION
5025,343,ROBBERY
5026,343,SEXUAL ASSAULT
5027,343,SHOPLIFTING
5028,343,TRAFFIC VIOLATION
5029,343,VANDALISM
5030,343,VEHICLE - STOLEN
5031,344,ARSON
5032,344,BURGLARY
5033,344,COUNTERFEITING
5034,344,CYBERCRIME
5035,344,DOMESTIC VIOLENCE
5036,344,DRUG OFFENSE
5037,344,EXTORTION
5038,344,FIREARM OFFENSE
5039,344,FRAUD
5040,344,HOMICIDE
5041,344,IDENTITY THEFT
5042,344,ILLEGAL POSSESSION
5043,344,KIDNAPPING
5044,344,PUBLIC INTOXICATION
5045,344,ROBBERY
5046,344,SEXUAL ASSAULT
5047,344,SHOPLIFTING
5048,344,TRAFFIC VIOLATION
5049,344,VANDALISM
5050,344,VEHICLE - STOLEN
5051,345,ASSAULT
5052,345,COUNTERFEITING
5053,345,CYBERCRIME
5054,345,DOMESTIC VIOLENCE
5055,345,DRUG OFFENSE
5056,345,EXTORTION
5057,345,FIREARM OFFENSE
5058,345,FRAUD
5059,345,HOMICIDE
5060,345,IDENTITY THEFT
5061,345,ILLEGAL POSSESSION
5062,345,KIDNAPPING
5063,345,PUBLIC INTOXICATION
5064,345,ROBBERY
5065,345,SEXUAL ASSAULT
5066,345,SHOPLIFTING
5067,345,TRAFFIC VIOLATION
5068,345,VANDALISM
5069,345,VEHICLE - STOLEN
5070,346,ARSON
5071,346,ASSAULT
5072,346,COUNTERFEITING
5073,346,CYBERCRIME
5074,346,DOMESTIC VIOLENCE
5075,346,DRUG OFFENSE
5076,346,EXTORTION
5077,346,FIREARM OFFENSE
5078,346,FRAUD
5079,346,HOMICIDE
5080,346,IDENTITY THEFT
5081,346,ILLEGAL POSSESSION
5082,346,KIDNAPPING
5083,346,PUBLIC INTOXICATION
5084,346,ROBBERY
5085,346,SEXUAL ASSAULT
5086,346,SHOPLIFTING
5087,346,TRAFFIC VIOLATION
5088,346,VANDALISM
5089,346,VEHICLE - STOLEN
5090,347,ARSON
5091,347,ASSAULT
5092,347,BURGLARY
5093,347,COUNTERFEITING
5094,347,CYBERCRIME
5095,347,DOMESTIC VIOLENCE
5096,347,DRUG OFFENSE
5097,347,EXTORTION
5098,347,FIREARM OFFENSE
5099,347,FRAUD
5100,347,HOMICIDE
5101,347,IDENTITY THEFT
5102,347,ILLEGAL POSSESSION
5103,347,KIDNAPPING
5104,347,PUBLIC INTOXICATION
5105,347,ROBBERY
5106,347,SEXUAL ASSAULT
5107,347,SHOPLIFTING
5108,347,TRAFFIC VIOLATION
5109,347,VANDALISM
5110,347,VEHICLE - STOLEN
5111,348,ARSON
5112,348,ASSAULT
5113,348,BURGLARY
5114,348,COUNTERFEITING
5115,348,CYBERCRIME
5116,348,DOMESTIC VIOLENCE
5117,348,DRUG OFFENSE
5118,348,EXTORTION
5119,348,FIREARM OFFENSE
5120,348,FRAUD
5121,348,HOMICIDE
5122,348,IDENTITY THEFT
5123,348,ILLEGAL POSSESSION
5124,348,KIDNAPPING
5125,348,PUBLIC INTOXICATION
5126,348,ROBBERY
5127,348,SEXUAL ASSAULT
5128,348,SHOPLIFTING
5129,348,TRAFFIC VIOLATION
5130,348,VANDALISM
5131,348,VEHICLE - STOLEN
5132,349,ARSON
5133,349,ASSAULT
5134,349,BURGLARY
5135,349,COUNTERFEITING
5136,349,CYBERCRIME
5137,349,DOMESTIC VIOLENCE
5138,349,DRUG OFFENSE
5139,349,EXTORTION
5140,349,FIREARM OFFENSE
5141,349,FRAUD
5142,349,HOMICIDE
5143,349,IDENTITY THEFT
5144,349,ILLEGAL POSSESSION
5145,349,KIDNAPPING
5146,349,PUBLIC INTOXICATION
5147,349,ROBBERY
5148,349,SEXUAL ASSAULT
5149,349,SHOPLIFTING
5150,349,TRAFFIC VIOLATION
5151,349,VANDALISM
5152,349,VEHICLE - STOLEN
5153,350,ARSON
5154,350,ASSAULT
5155,350,BURGLARY
5156,350,COUNTERFEITING
5157,350,CYBERCRIME
5158,350,DOMESTIC VIOLENCE
5159,350,DRUG OFFENSE
5160,350,EXTORTION
5161,350,FIREARM OFFENSE
5162,350,FRAUD
5163,350,HOMICIDE
5164,350,IDENTITY THEFT
5165,350,ILLEGAL POSSESSION
5166,350,KIDNAPPING
5167,350,PUBLIC INTOXICATION
5168,350,ROBBERY
5169,350,SEXUAL ASSAULT
5170,350,SHOPLIFTING
5171,350,TRAFFIC VIOLATION
5172,350,VANDALISM
5173,350,VEHICLE - STOLEN
5174,351,ARSON
5175,351,ASSAULT
5176,351,BURGLARY
5177,351,COUNTERFEITING
5178,351,CYBERCRIME
5179,351,DOMESTIC VIOLENCE
5180,351,DRUG OFFENSE
5181,351,EXTORTION
5182,351,FIREARM OFFENSE
5183,351,FRAUD
5184,351,HOMICIDE
5185,351,IDENTITY THEFT
5186,351,ILLEGAL POSSESSION
5187,351,KIDNAPPING
5188,351,PUBLIC INTOXICATION
5189,351,ROBBERY
5190,351,SEXUAL ASSAULT
5191,351,SHOPLIFTING
5192,351,TRAFFIC VIOLATION
5193,351,VANDALISM
5194,351,VEHICLE - STOLEN
5195,352,ARSON
5196,352,ASSAULT
5197,352,BURGLARY
5198,352,COUNTERFEITING
5199,352,CYBERCRIME
5200,352,DOMESTIC VIOLENCE
5201,352,EXTORTION
5202,352,FIREARM OFFENSE
5203,352,FRAUD
5204,352,HOMICIDE
5205,352,IDENTITY THEFT
5206,352,ILLEGAL POSSESSION
5207,352,KIDNAPPING
5208,352,PUBLIC INTOXICATION
5209,352,ROBBERY
5210,352,SEXUAL ASSAULT
5211,352,SHOPLIFTING
5212,352,TRAFFIC VIOLATION
5213,352,VANDALISM
5214,352,VEHICLE - STOLEN
5215,353,ARSON
5216,353,ASSAULT
5217,353,BURGLARY
5218,353,COUNTERFEITING
5219,353,CYBERCRIME
5220,353,DOMESTIC VIOLENCE
5221,353,DRUG OFFENSE
5222,353,EXTORTION
5223,353,FIREARM OFFENSE
5224,353,FRAUD
5225,353,IDENTITY THEFT
5226,353,ILLEGAL POSSESSION
5227,353,KIDNAPPING
5228,353,PUBLIC INTOXICATION
5229,353,ROBBERY
5230,353,SEXUAL ASSAULT
5231,353,SHOPLIFTING
5232,353,TRAFFIC VIOLATION
5233,353,VANDALISM
5234,353,VEHICLE - STOLEN
5235,354,ARSON
5236,354,ASSAULT
5237,354,BURGLARY
5238,354,COUNTERFEITING
5239,354,CYBERCRIME
5240,354,DOMESTIC VIOLENCE
5241,354,DRUG OFFENSE
5242,354,EXTORTION
5243,354,FIREARM OFFENSE
5244,354,FRAUD
5245,354,IDENTITY THEFT
5246,354,ILLEGAL POSSESSION
5247,354,KIDNAPPING
5248,354,PUBLIC INTOXICATION
5249,354,ROBBERY
5250,354,SEXUAL ASSAULT
5251,354,SHOPLIFTING
5252,354,TRAFFIC VIOLATION
5253,354,VANDALISM
5254,354,VEHICLE - STOLEN
5255,355,ARSON
5256,355,ASSAULT
5257,355,BURGLARY
5258,355,COUNTERFEITING
5259,355,CYBERCRIME
5260,355,DOMESTIC VIOLENCE
5261,355,DRUG OFFENSE
5262,355,EXTORTION
5263,355,FIREARM OFFENSE
5264,355,FRAUD
5265,355,HOMICIDE
5266,355,IDENTITY THEFT
5267,355,ILLEGAL POSSESSION
5268,355,KIDNAPPING
5269,355,PUBLIC INTOXICATION
5270,355,ROBBERY
5271,355,SEXUAL ASSAULT
5272,355,SHOPLIFTING
5273,355,TRAFFIC VIOLATION
5274,355,VANDALISM
5275,355,VEHICLE - STOLEN
5276,356,ARSON
5277,356,ASSAULT
5278,356,BURGLARY
5279,356,COUNTERFEITING
5280,356,CYBERCRIME
5281,356,DOMESTIC VIOLENCE
5282,356,DRUG OFFENSE
5283,356,EXTORTION
5284,356,FIREARM OFFENSE
5285,356,FRAUD
5286,356,HOMICIDE
5287,356,IDENTITY THEFT
5288,356,ILLEGAL POSSESSION
5289,356,KIDNAPPING
5290,356,PUBLIC INTOXICATION
5291,356,ROBBERY
5292,356,SEXUAL ASSAULT
5293,356,SHOPLIFTING
5294,356,TRAFFIC VIOLATION
5295,356,VANDALISM
5296,356,VEHICLE - STOLEN
5297,357,ARSON
5298,357,ASSAULT
5299,357,BURGLARY
5300,357,COUNTERFEITING
5301,357,CYBERCRIME
5302,357,DOMESTIC VIOLENCE
5303,357,DRUG OFFENSE
5304,357,FIREARM OFFENSE
5305,357,FRAUD
5306,357,HOMICIDE
5307,357,IDENTITY THEFT
5308,357,ILLEGAL POSSESSION
5309,357,KIDNAPPING
5310,357,PUBLIC INTOXICATION
5311,357,ROBBERY
5312,357,SEXUAL ASSAULT
5313,357,TRAFFIC VIOLATION
5314,357,VANDALISM
5315,357,VEHICLE - STOLEN
5316,358,ARSON
5317,358,ASSAULT
5318,358,BURGLARY
5319,358,COUNTERFEITING
5320,358,CYBERCRIME
5321,358,DOMESTIC VIOLENCE
5322,358,DRUG OFFENSE
5323,358,EXTORTION
5324,358,FIREARM OFFENSE
5325,358,FRAUD
5326,358,HOMICIDE
5327,358,IDENTITY THEFT
5328,358,ILLEGAL POSSESSION
5329,358,KIDNAPPING
5330,358,PUBLIC INTOXICATION
5331,358,ROBBERY
5332,358,SEXUAL ASSAULT
5333,358,SHOPLIFTING
5334,358,TRAFFIC VIOLATION
5335,358,VANDALISM
5336,358,VEHICLE - STOLEN
5337,359,ARSON
5338,359,ASSAULT
5339,359,BURGLARY
5340,359,COUNTERFEITING
5341,359,CYBERCRIME
5342,359,DOMESTIC VIOLENCE
5343,359,DRUG OFFENSE
5344,359,EXTORTION
5345,359,FIREARM OFFENSE
5346,359,FRAUD
5347,359,HOMICIDE
5348,359,IDENTITY THEFT
5349,359,ILLEGAL POSSESSION
5350,359,KIDNAPPING
5351,359,PUBLIC INTOXICATION
5352,359,ROBBERY
5353,359,SEXUAL ASSAULT
5354,359,SHOPLIFTING
5355,359,TRAFFIC VIOLATION
5356,359,VANDALISM
5357,359,VEHICLE - STOLEN
5358,360,ARSON
5359,360,ASSAULT
5360,360,BURGLARY
5361,360,COUNTERFEITING
5362,360,CYBERCRIME
5363,360,DOMESTIC VIOLENCE
5364,360,DRUG OFFENSE
5365,360,EXTORTION
5366,360,FIREARM OFFENSE
5367,360,FRAUD
5368,360,HOMICIDE
5369,360,IDENTITY THEFT
5370,360,ILLEGAL POSSESSION
5371,360,KIDNAPPING
5372,360,PUBLIC INTOXICATION
5373,360,ROBBERY
5374,360,SEXUAL ASSAULT
5375,360,SHOPLIFTING
5376,360,TRAFFIC VIOLATION
5377,360,VANDALISM
5378,360,VEHICLE - STOLEN
5379,361,ARSON
5380,361,ASSAULT
5381,361,BURGLARY
5382,361,COUNTERFEITING
5383,361,CYBERCRIME
5384,361,DOMESTIC VIOLENCE
5385,361,DRUG OFFENSE
5386,361,EXTORTION
5387,361,FIREARM OFFENSE
5388,361,FRAUD
5389,361,HOMICIDE
5390,361,IDENTITY THEFT
5391,361,ILLEGAL POSSESSION
5392,361,KIDNAPPING
5393,361,PUBLIC INTOXICATION
5394,361,ROBBERY
5395,361,SEXUAL ASSAULT
5396,361,SHOPLIFTING
5397,361,TRAFFIC VIOLATION
5398,361,VANDALISM
5399,361,VEHICLE - STOLEN
5400,362,ARSON
5401,362,ASSAULT
5402,362,BURGLARY
5403,362,COUNTERFEITING
5404,362,CYBERCRIME
5405,362,DOMESTIC VIOLENCE
5406,362,DRUG OFFENSE
5407,362,EXTORTION
5408,362,FIREARM OFFENSE
5409,362,FRAUD
5410,362,HOMICIDE
5411,362,IDENTITY THEFT
5412,362,ILLEGAL POSSESSION
5413,362,KIDNAPPING
5414,362,PUBLIC INTOXICATION
5415,362,ROBBERY
5416,362,SEXUAL ASSAULT
5417,362,SHOPLIFTING
5418,362,TRAFFIC VIOLATION
5419,362,VANDALISM
5420,362,VEHICLE - STOLEN
5421,363,ARSON
5422,363,ASSAULT
5423,363,BURGLARY
5424,363,COUNTERFEITING
5425,363,DOMESTIC VIOLENCE
5426,363,DRUG OFFENSE
5427,363,EXTORTION
5428,363,FIREARM OFFENSE
5429,363,FRAUD
5430,363,HOMICIDE
5431,363,IDENTITY THEFT
5432,363,ILLEGAL POSSESSION
5433,363,KIDNAPPING
5434,363,PUBLIC INTOXICATION
5435,363,ROBBERY
5436,363,SEXUAL ASSAULT
5437,363,SHOPLIFTING
5438,363,TRAFFIC VIOLATION
5439,363,VANDALISM
5440,363,VEHICLE - STOLEN
5441,364,ARSON
5442,364,ASSAULT
5443,364,BURGLARY
5444,364,COUNTERFEITING
5445,364,CYBERCRIME
5446,364,DOMESTIC VIOLENCE
5447,364,EXTORTION
5448,364,FIREARM OFFENSE
5449,364,FRAUD
5450,364,HOMICIDE
5451,364,IDENTITY THEFT
5452,364,ILLEGAL POSSESSION
5453,364,KIDNAPPING
5454,364,PUBLIC INTOXICATION
5455,364,ROBBERY
5456,364,SEXUAL ASSAULT
5457,364,SHOPLIFTING
5458,364,TRAFFIC VIOLATION
5459,364,VANDALISM
5460,364,VEHICLE - STOLEN
5461,365,ARSON
5462,365,BURGLARY
5463,365,COUNTERFEITING
5464,365,CYBERCRIME
5465,365,DOMESTIC VIOLENCE
5466,365,DRUG OFFENSE
5467,365,EXTORTION
5468,365,FIREARM OFFENSE
5469,365,FRAUD
5470,365,HOMICIDE
5471,365,IDENTITY THEFT
5472,365,ILLEGAL POSSESSION
5473,365,KIDNAPPING
5474,365,PUBLIC INTOXICATION
5475,365,ROBBERY
5476,365,SEXUAL ASSAULT
5477,365,SHOPLIFTING
5478,365,TRAFFIC VIOLATION
5479,365,VANDALISM
5480,365,VEHICLE - STOLEN
5481,366,ARSON
5482,366,ASSAULT
5483,366,BURGLARY
5484,366,COUNTERFEITING
5485,366,CYBERCRIME
5486,366,DOMESTIC VIOLENCE
5487,366,DRUG OFFENSE
5488,366,EXTORTION
5489,366,FIREARM OFFENSE
5490,366,FRAUD
5491,366,HOMICIDE
5492,366,IDENTITY THEFT
5493,366,ILLEGAL POSSESSION
5494,366,KIDNAPPING
5495,366,PUBLIC INTOXICATION
5496,366,ROBBERY
5497,366,SEXUAL ASSAULT
5498,366,SHOPLIFTING
5499,366,TRAFFIC VIOLATION
5500,366,VANDALISM
5501,366,VEHICLE - STOLEN
5502,367,ARSON
5503,367,ASSAULT
5504,367,BURGLARY
5505,367,COUNTERFEITING
5506,367,CYBERCRIME
5507,367,DOMESTIC VIOLENCE
5508,367,DRUG OFFENSE
5509,367,EXTORTION
5510,367,FIREARM OFFENSE
5511,367,FRAUD
5512,367,HOMICIDE
5513,367,IDENTITY THEFT
5514,367,ILLEGAL POSSESSION
5515,367,KIDNAPPING
5516,367,PUBLIC INTOXICATION
5517,367,ROBBERY
5518,367,SEXUAL ASSAULT
5519,367,SHOPLIFTING
5520,367,TRAFFIC VIOLATION
5521,367,VANDALISM
5522,367,VEHICLE - STOLEN
5523,368,ARSON
5524,368,ASSAULT
5525,368,BURGLARY
5526,368,COUNTERFEITING
5527,368,CYBERCRIME
5528,368,DOMESTIC VIOLENCE
5529,368,DRUG OFFENSE
5530,368,EXTORTION
5531,368,FIREARM OFFENSE
5532,368,FRAUD
5533,368,HOMICIDE
5534,368,ILLEGAL POSSESSION
5535,368,KIDNAPPING
5536,368,PUBLIC INTOXICATION
5537,368,ROBBERY
5538,368,SEXUAL ASSAULT
5539,368,SHOPLIFTING
5540,368,TRAFFIC VIOLATION
5541,368,VANDALISM
5542,368,VEHICLE - STOLEN
5543,369,ARSON
5544,369,ASSAULT
5545,369,BURGLARY
5546,369,COUNTERFEITING
5547,369,CYBERCRIME
5548,369,DOMESTIC VIOLENCE
5549,369,DRUG OFFENSE
5550,369,EXTORTION
5551,369,FIREARM OFFENSE
5552,369,FRAUD
5553,369,HOMICIDE
5554,369,IDENTITY THEFT
5555,369,ILLEGAL POSSESSION
5556,369,KIDNAPPING
5557,369,PUBLIC INTOXICATION
5558,369,ROBBERY
5559,369,SEXUAL ASSAULT
5560,369,SHOPLIFTING
5561,369,TRAFFIC VIOLATION
5562,369,VANDALISM
5563,369,VEHICLE - STOLEN
5564,370,ARSON
5565,370,ASSAULT
5566,370,BURGLARY
5567,370,COUNTERFEITING
5568,370,CYBERCRIME
5569,370,DOMESTIC VIOLENCE
5570,370,DRUG OFFENSE
5571,370,EXTORTION
5572,370,FIREARM OFFENSE
5573,370,FRAUD
5574,370,HOMICIDE
5575,370,IDENTITY THEFT
5576,370,ILLEGAL POSSESSION
5577,370,KIDNAPPING
5578,370,PUBLIC INTOXICATION
5579,370,ROBBERY
5580,370,SEXUAL ASSAULT
5581,370,SHOPLIFTING
5582,370,TRAFFIC VIOLATION
5583,370,VANDALISM
5584,370,VEHICLE - STOLEN
5585,371,ARSON
5586,371,ASSAULT
5587,371,BURGLARY
5588,371,COUNTERFEITING
5589,371,CYBERCRIME
5590,371,DOMESTIC VIOLENCE
5591,371,DRUG OFFENSE
5592,371,EXTORTION
5593,371,FIREARM OFFENSE
5594,371,FRAUD
5595,371,HOMICIDE
5596,371,IDENTITY THEFT
5597,371,ILLEGAL POSSESSION
5598,371,KIDNAPPING
5599,371,PUBLIC INTOXICATION
5600,371,ROBBERY
5601,371,SEXUAL ASSAULT
5602,371,SHOPLIFTING
5603,371,TRAFFIC VIOLATION
5604,371,VANDALISM
5605,371,VEHICLE - STOLEN
5606,372,ARSON
5607,372,ASSAULT
5608,372,BURGLARY
5609,372,COUNTERFEITING
5610,372,CYBERCRIME
5611,372,DOMESTIC VIOLENCE
5612,372,DRUG OFFENSE
5613,372,EXTORTION
5614,372,FIREARM OFFENSE
5615,372,FRAUD
5616,372,HOMICIDE
5617,372,IDENTITY THEFT
5618,372,ILLEGAL POSSESSION
5619,372,KIDNAPPING
5620,372,PUBLIC INTOXICATION
5621,372,ROBBERY
5622,372,SEXUAL ASSAULT
5623,372,SHOPLIFTING
5624,372,TRAFFIC VIOLATION
5625,372,VANDALISM
5626,372,VEHICLE - STOLEN
5627,373,ARSON
5628,373,ASSAULT
5629,373,BURGLARY
5630,373,COUNTERFEITING
5631,373,CYBERCRIME
5632,373,DOMESTIC VIOLENCE
5633,373,DRUG OFFENSE
5634,373,EXTORTION
5635,373,FIREARM OFFENSE
5636,373,FRAUD
5637,373,HOMICIDE
5638,373,IDENTITY THEFT
5639,373,ILLEGAL POSSESSION
5640,373,KIDNAPPING
5641,373,PUBLIC INTOXICATION
5642,373,ROBBERY
5643,373,SEXUAL ASSAULT
5644,373,SHOPLIFTING
5645,373,TRAFFIC VIOLATION
5646,373,VANDALISM
5647,373,VEHICLE - STOLEN
5648,374,ARSON
5649,374,ASSAULT
5650,374,BURGLARY
5651,374,COUNTERFEITING
5652,374,CYBERCRIME
5653,374,DOMESTIC VIOLENCE
5654,374,DRUG OFFENSE
5655,374,EXTORTION
5656,374,FIREARM OFFENSE
5657,374,FRAUD
5658,374,HOMICIDE
5659,374,IDENTITY THEFT
5660,374,ILLEGAL POSSESSION
5661,374,KIDNAPPING
5662,374,PUBLIC INTOXICATION
5663,374,ROBBERY
5664,374,SEXUAL ASSAULT
5665,374,SHOPLIFTING
5666,374,TRAFFIC VIOLATION
5667,374,VANDALISM
5668,374,VEHICLE - STOLEN
5669,375,ARSON
5670,375,ASSAULT
5671,375,BURGLARY
5672,375,COUNTERFEITING
5673,375,CYBERCRIME
5674,375,DOMESTIC VIOLENCE
5675,375,DRUG OFFENSE
5676,375,EXTORTION
5677,375,FIREARM OFFENSE
5678,375,FRAUD
5679,375,HOMICIDE
5680,375,ILLEGAL POSSESSION
5681,375,KIDNAPPING
5682,375,PUBLIC INTOXICATION
5683,375,ROBBERY
5684,375,SEXUAL ASSAULT
5685,375,SHOPLIFTING
5686,375,TRAFFIC VIOLATION
5687,375,VANDALISM
5688,375,VEHICLE - STOLEN
5689,376,ARSON
5690,376,ASSAULT
5691,376,BURGLARY
5692,376,COUNTERFEITING
5693,376,CYBERCRIME
5694,376,DOMESTIC VIOLENCE
5695,376,DRUG OFFENSE
5696,376,EXTORTION
5697,376,FIREARM OFFENSE
5698,376,FRAUD
5699,376,HOMICIDE
5700,376,IDENTITY THEFT
5701,376,ILLEGAL POSSESSION
5702,376,KIDNAPPING
5703,376,PUBLIC INTOXICATION
5704,376,ROBBERY
5705,376,SHOPLIFTING
5706,376,TRAFFIC VIOLATION
5707,376,VANDALISM
5708,376,VEHICLE - STOLEN
5709,377,ARSON
5710,377,ASSAULT
5711,377,BURGLARY
5712,377,COUNTERFEITING
5713,377,CYBERCRIME
5714,377,DOMESTIC VIOLENCE
5715,377,DRUG OFFENSE
5716,377,EXTORTION
5717,377,FIREARM OFFENSE
5718,377,FRAUD
5719,377,HOMICIDE
5720,377,IDENTITY THEFT
5721,377,ILLEGAL POSSESSION
5722,377,KIDNAPPING
5723,377,PUBLIC INTOXICATION
5724,377,ROBBERY
5725,377,SEXUAL ASSAULT
5726,377,SHOPLIFTING
5727,377,TRAFFIC VIOLATION
5728,377,VANDALISM
5729,377,VEHICLE - STOLEN
5730,378,ARSON
5731,378,ASSAULT
5732,378,BURGLARY
5733,378,COUNTERFEITING
5734,378,CYBERCRIME
5735,378,DOMESTIC VIOLENCE
5736,378,DRUG OFFENSE
5737,378,EXTORTION
5738,378,FIREARM OFFENSE
5739,378,FRAUD
5740,378,HOMICIDE
5741,378,IDENTITY THEFT
5742,378,ILLEGAL POSSESSION
5743,378,KIDNAPPING
5744,378,PUBLIC INTOXICATION
5745,378,ROBBERY
5746,378,SEXUAL ASSAULT
5747,378,SHOPLIFTING
5748,378,TRAFFIC VIOLATION
5749,378,VANDALISM
5750,378,VEHICLE - STOLEN
5751,379,ARSON
5752,379,ASSAULT
5753,379,BURGLARY
5754,379,COUNTERFEITING
5755,379,CYBERCRIME
5756,379,DOMESTIC VIOLENCE
5757,379,DRUG OFFENSE
5758,379,EXTORTION
5759,379,FIREARM OFFENSE
5760,379,FRAUD
5761,379,HOMICIDE
5762,379,IDENTITY THEFT
5763,379,ILLEGAL POSSESSION
5764,379,PUBLIC INTOXICATION
5765,379,ROBBERY
5766,379,SEXUAL ASSAULT
5767,379,SHOPLIFTING
5768,379,TRAFFIC VIOLATION
5769,379,VANDALISM
5770,379,VEHICLE - STOLEN
5771,380,ARSON
5772,380,ASSAULT
5773,380,BURGLARY
5774,380,COUNTERFEITING
5775,380,CYBERCRIME
5776,380,DOMESTIC VIOLENCE
5777,380,DRUG OFFENSE
5778,380,EXTORTION
5779,380,FIREARM OFFENSE
5780,380,HOMICIDE
5781,380,IDENTITY THEFT
5782,380,ILLEGAL POSSESSION
5783,380,KIDNAPPING
5784,380,PUBLIC INTOXICATION
5785,380,ROBBERY
5786,380,SEXUAL ASSAULT
5787,380,SHOPLIFTING
5788,380,TRAFFIC VIOLATION
5789,380,VANDALISM
5790,380,VEHICLE - STOLEN
5791,381,ARSON
5792,381,ASSAULT
5793,381,BURGLARY
5794,381,COUNTERFEITING
5795,381,CYBERCRIME
5796,381,DOMESTIC VIOLENCE
5797,381,DRUG OFFENSE
5798,381,EXTORTION
5799,381,FIREARM OFFENSE
5800,381,FRAUD
5801,381,HOMICIDE
5802,381,IDENTITY THEFT
5803,381,ILLEGAL POSSESSION
5804,381,KIDNAPPING
5805,381,PUBLIC INTOXICATION
5806,381,ROBBERY
5807,381,SEXUAL ASSAULT
5808,381,SHOPLIFTING
5809,381,TRAFFIC VIOLATION
5810,381,VANDALISM
5811,381,VEHICLE - STOLEN
5812,382,ARSON
5813,382,BURGLARY
5814,382,COUNTERFEITING
5815,382,CYBERCRIME
5816,382,DOMESTIC VIOLENCE
5817,382,DRUG OFFENSE
5818,382,EXTORTION
5819,382,FIREARM OFFENSE
5820,382,FRAUD
5821,382,HOMICIDE
5822,382,IDENTITY THEFT
5823,382,ILLEGAL POSSESSION
5824,382,KIDNAPPING
5825,382,PUBLIC INTOXICATION
5826,382,ROBBERY
5827,382,SEXUAL ASSAULT
5828,382,SHOPLIFTING
5829,382,TRAFFIC VIOLATION
5830,382,VANDALISM
5831,382,VEHICLE - STOLEN
5832,383,ARSON
5833,383,ASSAULT
5834,383,BURGLARY
5835,383,COUNTERFEITING
5836,383,CYBERCRIME
5837,383,DOMESTIC VIOLENCE
5838,383,DRUG OFFENSE
5839,383,EXTORTION
5840,383,FIREARM OFFENSE
5841,383,HOMICIDE
5842,383,IDENTITY THEFT
5843,383,ILLEGAL POSSESSION
5844,383,KIDNAPPING
5845,383,ROBBERY
5846,383,SEXUAL ASSAULT
5847,383,SHOPLIFTING
5848,383,TRAFFIC VIOLATION
5849,383,VANDALISM
5850,383,VEHICLE - STOLEN
5851,384,ARSON
5852,384,ASSAULT
5853,384,BURGLARY
5854,384,COUNTERFEITING
5855,384,CYBERCRIME
5856,384,DRUG OFFENSE
5857,384,EXTORTION
5858,384,FIREARM OFFENSE
5859,384,FRAUD
5860,384,HOMICIDE
5861,384,IDENTITY THEFT
5862,384,ILLEGAL POSSESSION
5863,384,KIDNAPPING
5864,384,PUBLIC INTOXICATION
5865,384,ROBBERY
5866,384,SEXUAL ASSAULT
5867,384,SHOPLIFTING
5868,384,TRAFFIC VIOLATION
5869,384,VANDALISM
5870,384,VEHICLE - STOLEN
5871,385,ARSON
5872,385,ASSAULT
5873,385,BURGLARY
5874,385,COUNTERFEITING
5875,385,CYBERCRIME
5876,385,DOMESTIC VIOLENCE
5877,385,DRUG OFFENSE
5878,385,EXTORTION
5879,385,FIREARM OFFENSE
5880,385,HOMICIDE
5881,385,IDENTITY THEFT
5882,385,ILLEGAL POSSESSION
5883,385,KIDNAPPING
5884,385,PUBLIC INTOXICATION
5885,385,ROBBERY
5886,385,SEXUAL ASSAULT
5887,385,SHOPLIFTING
5888,385,TRAFFIC VIOLATION
5889,385,VANDALISM
5890,385,VEHICLE - STOLEN
5891,386,ARSON
5892,386,ASSAULT
5893,386,BURGLARY
5894,386,COUNTERFEITING
5895,386,CYBERCRIME
5896,386,DOMESTIC VIOLENCE
5897,386,DRUG OFFENSE
5898,386,EXTORTION
5899,386,FIREARM OFFENSE
5900,386,FRAUD
5901,386,HOMICIDE
5902,386,IDENTITY THEFT
5903,386,ILLEGAL POSSESSION
5904,386,KIDNAPPING
5905,386,PUBLIC INTOXICATION
5906,386,ROBBERY
5907,386,SEXUAL ASSAULT
5908,386,SHOPLIFTING
5909,386,TRAFFIC VIOLATION
5910,386,VANDALISM
5911,386,VEHICLE - STOLEN
5912,387,ARSON
5913,387,ASSAULT
5914,387,BURGLARY
5915,387,COUNTERFEITING
5916,387,DOMESTIC VIOLENCE
5917,387,DRUG OFFENSE
5918,387,EXTORTION
5919,387,FIREARM OFFENSE
5920,387,FRAUD
5921,387,HOMICIDE
5922,387,IDENTITY THEFT
5923,387,ILLEGAL POSSESSION
5924,387,PUBLIC INTOXICATION
5925,387,ROBBERY
5926,387,SEXUAL ASSAULT
5927,387,SHOPLIFTING
5928,387,TRAFFIC VIOLATION
5929,387,VANDALISM
5930,387,VEHICLE - STOLEN
5931,388,ARSON
5932,388,ASSAULT
5933,388,BURGLARY
5934,388,COUNTERFEITING
5935,388,CYBERCRIME
5936,388,DOMESTIC VIOLENCE
5937,388,DRUG OFFENSE
5938,388,FIREARM OFFENSE
5939,388,FRAUD
5940,388,HOMICIDE
5941,388,IDENTITY THEFT
5942,388,ILLEGAL POSSESSION
5943,388,KIDNAPPING
5944,388,PUBLIC INTOXICATION
5945,388,ROBBERY
5946,388,SEXUAL ASSAULT
5947,388,SHOPLIFTING
5948,388,TRAFFIC VIOLATION
5949,388,VANDALISM
5950,388,VEHICLE - STOLEN
5951,389,ARSON
5952,389,ASSAULT
5953,389,BURGLARY
5954,389,COUNTERFEITING
5955,389,CYBERCRIME
5956,389,DOMESTIC VIOLENCE
5957,389,DRUG OFFENSE
5958,389,EXTORTION
5959,389,FIREARM OFFENSE
5960,389,FRAUD
5961,389,HOMICIDE
5962,389,IDENTITY THEFT
5963,389,ILLEGAL POSSESSION
5964,389,KIDNAPPING
5965,389,PUBLIC INTOXICATION
5966,389,ROBBERY
5967,389,SEXUAL ASSAULT
5968,389,SHOPLIFTING
5969,389,TRAFFIC VIOLATION
5970,389,VANDALISM
5971,389,VEHICLE - STOLEN
5972,390,ARSON
5973,390,ASSAULT
5974,390,BURGLARY
5975,390,COUNTERFEITING
5976,390,CYBERCRIME
5977,390,DOMESTIC VIOLENCE
5978,390,DRUG OFFENSE
5979,390,EXTORTION
5980,390,FIREARM OFFENSE
5981,390,FRAUD
5982,390,HOMICIDE
5983,390,IDENTITY THEFT
5984,390,ILLEGAL POSSESSION
5985,390,KIDNAPPING
5986,390,PUBLIC INTOXICATION
5987,390,ROBBERY
5988,390,SEXUAL ASSAULT
5989,390,SHOPLIFTING
5990,390,TRAFFIC VIOLATION
5991,390,VANDALISM
5992,390,VEHICLE - STOLEN
5993,391,ARSON
5994,391,ASSAULT
5995,391,BURGLARY
5996,391,COUNTERFEITING
5997,391,CYBERCRIME
5998,391,DOMESTIC VIOLENCE
5999,391,DRUG OFFENSE
6000,391,EXTORTION
6001,391,FIREARM OFFENSE
6002,391,FRAUD
6003,391,HOMICIDE
6004,391,IDENTITY THEFT
6005,391,ILLEGAL POSSESSION
6006,391,KIDNAPPING
6007,391,PUBLIC INTOXICATION
6008,391,ROBBERY
6009,391,SEXUAL ASSAULT
6010,391,SHOPLIFTING
6011,391,TRAFFIC VIOLATION
6012,391,VANDALISM
6013,391,VEHICLE - STOLEN
6014,392,ARSON
6015,392,ASSAULT
6016,392,BURGLARY
6017,392,COUNTERFEITING
6018,392,CYBERCRIME
6019,392,DOMESTIC VIOLENCE
6020,392,DRUG OFFENSE
6021,392,EXTORTION
6022,392,FIREARM OFFENSE
6023,392,FRAUD
6024,392,HOMICIDE
6025,392,IDENTITY THEFT
6026,392,ILLEGAL POSSESSION
6027,392,KIDNAPPING
6028,392,PUBLIC INTOXICATION
6029,392,SEXUAL ASSAULT
6030,392,SHOPLIFTING
6031,392,TRAFFIC VIOLATION
6032,392,VANDALISM
6033,392,VEHICLE - STOLEN
6034,393,ARSON
6035,393,ASSAULT
6036,393,BURGLARY
6037,393,COUNTERFEITING
6038,393,CYBERCRIME
6039,393,DOMESTIC VIOLENCE
6040,393,DRUG OFFENSE
6041,393,EXTORTION
6042,393,FIREARM OFFENSE
6043,393,FRAUD
6044,393,HOMICIDE
6045,393,IDENTITY THEFT
6046,393,ILLEGAL POSSESSION
6047,393,KIDNAPPING
6048,393,PUBLIC INTOXICATION
6049,393,ROBBERY
6050,393,SEXUAL ASSAULT
6051,393,SHOPLIFTING
6052,393,TRAFFIC VIOLATION
6053,393,VANDALISM
6054,393,VEHICLE - STOLEN
6055,394,ARSON
6056,394,ASSAULT
6057,394,BURGLARY
6058,394,COUNTERFEITING
6059,394,CYBERCRIME
6060,394,DOMESTIC VIOLENCE
6061,394,DRUG OFFENSE
6062,394,EXTORTION
6063,394,FIREARM OFFENSE
6064,394,FRAUD
6065,394,HOMICIDE
6066,394,IDENTITY THEFT
6067,394,ILLEGAL POSSESSION
6068,394,KIDNAPPING
6069,394,PUBLIC INTOXICATION
6070,394,ROBBERY
6071,394,SEXUAL ASSAULT
6072,394,SHOPLIFTING
6073,394,TRAFFIC VIOLATION
6074,394,VANDALISM
6075,394,VEHICLE - STOLEN
6076,395,ARSON
6077,395,ASSAULT
6078,395,BURGLARY
6079,395,COUNTERFEITING
6080,395,CYBERCRIME
6081,395,DOMESTIC VIOLENCE
6082,395,DRUG OFFENSE
6083,395,EXTORTION
6084,395,FIREARM OFFENSE
6085,395,HOMICIDE
6086,395,IDENTITY THEFT
6087,395,ILLEGAL POSSESSION
6088,395,KIDNAPPING
6089,395,PUBLIC INTOXICATION
6090,395,ROBBERY
6091,395,SEXUAL ASSAULT
6092,395,SHOPLIFTING
6093,395,TRAFFIC VIOLATION
6094,395,VANDALISM
6095,395,VEHICLE - STOLEN
6096,396,ARSON
6097,396,ASSAULT
6098,396,BURGLARY
6099,396,COUNTERFEITING
6100,396,CYBERCRIME
6101,396,DOMESTIC VIOLENCE
6102,396,DRUG OFFENSE
6103,396,EXTORTION
6104,396,FIREARM OFFENSE
6105,396,FRAUD
6106,396,HOMICIDE
6107,396,IDENTITY THEFT
6108,396,ILLEGAL POSSESSION
6109,396,KIDNAPPING
6110,396,PUBLIC INTOXICATION
6111,396,ROBBERY
6112,396,SEXUAL ASSAULT
6113,396,SHOPLIFTING
6114,396,TRAFFIC VIOLATION
6115,396,VANDALISM
6116,396,VEHICLE - STOLEN
6117,397,ARSON
6118,397,ASSAULT
6119,397,BURGLARY
6120,397,COUNTERFEITING
6121,397,CYBERCRIME
6122,397,DOMESTIC VIOLENCE
6123,397,DRUG OFFENSE
6124,397,EXTORTION
6125,397,FIREARM OFFENSE
6126,397,FRAUD
6127,397,HOMICIDE
6128,397,IDENTITY THEFT
6129,397,ILLEGAL POSSESSION
6130,397,KIDNAPPING
6131,397,PUBLIC INTOXICATION
6132,397,ROBBERY
6133,397,SEXUAL ASSAULT
6134,397,SHOPLIFTING
6135,397,TRAFFIC VIOLATION
6136,397,VANDALISM
6137,397,VEHICLE - STOLEN
6138,398,ARSON
6139,398,ASSAULT
6140,398,BURGLARY
6141,398,COUNTERFEITING
6142,398,CYBERCRIME
6143,398,DOMESTIC VIOLENCE
6144,398,DRUG OFFENSE
6145,398,EXTORTION
6146,398,FIREARM OFFENSE
6147,398,FRAUD
6148,398,HOMICIDE
6149,398,IDENTITY THEFT
6150,398,ILLEGAL POSSESSION
6151,398,KIDNAPPING
6152,398,PUBLIC INTOXICATION
6153,398,ROBBERY
6154,398,SEXUAL ASSAULT
6155,398,SHOPLIFTING
6156,398,TRAFFIC VIOLATION
6157,398,VANDALISM
6158,398,VEHICLE - STOLEN
6159,399,ARSON
6160,399,ASSAULT
6161,399,BURGLARY
6162,399,COUNTERFEITING
6163,399,DOMESTIC VIOLENCE
6164,399,EXTORTION
6165,399,FIREARM OFFENSE
6166,399,FRAUD
6167,399,HOMICIDE
6168,399,IDENTITY THEFT
6169,399,ILLEGAL POSSESSION
6170,399,KIDNAPPING
6171,399,PUBLIC INTOXICATION
6172,399,ROBBERY
6173,399,SEXUAL ASSAULT
6174,399,SHOPLIFTING
6175,399,TRAFFIC VIOLATION
6176,399,VANDALISM
6177,399,VEHICLE - STOLEN
6178,400,ARSON
6179,400,ASSAULT
6180,400,BURGLARY
6181,400,COUNTERFEITING
6182,400,CYBERCRIME
6183,400,DOMESTIC VIOLENCE
6184,400,DRUG OFFENSE
6185,400,EXTORTION
6186,400,FIREARM OFFENSE
6187,400,FRAUD
6188,400,HOMICIDE
6189,400,IDENTITY THEFT
6190,400,ILLEGAL POSSESSION
6191,400,KIDNAPPING
6192,400,PUBLIC INTOXICATION
6193,400,ROBBERY
6194,400,SEXUAL ASSAULT
6195,400,SHOPLIFTING
6196,400,TRAFFIC VIOLATION
6197,400,VANDALISM
6198,400,VEHICLE - STOLEN
6199,401,ARSON
6200,401,ASSAULT
6201,401,BURGLARY
6202,401,COUNTERFEITING
6203,401,CYBERCRIME
6204,401,DOMESTIC VIOLENCE
6205,401,DRUG OFFENSE
6206,401,EXTORTION
6207,401,FIREARM OFFENSE
6208,401,FRAUD
6209,401,HOMICIDE
6210,401,IDENTITY THEFT
6211,401,ILLEGAL POSSESSION
6212,401,KIDNAPPING
6213,401,PUBLIC INTOXICATION
6214,401,ROBBERY
6215,401,SEXUAL ASSAULT
6216,401,SHOPLIFTING
6217,401,TRAFFIC VIOLATION
6218,401,VANDALISM
6219,401,VEHICLE - STOLEN
6220,402,ARSON
6221,402,ASSAULT
6222,402,BURGLARY
6223,402,COUNTERFEITING
6224,402,CYBERCRIME
6225,402,DOMESTIC VIOLENCE
6226,402,DRUG OFFENSE
6227,402,FIREARM OFFENSE
6228,402,FRAUD
6229,402,HOMICIDE
6230,402,IDENTITY THEFT
6231,402,ILLEGAL POSSESSION
6232,402,KIDNAPPING
6233,402,PUBLIC INTOXICATION
6234,402,ROBBERY
6235,402,SEXUAL ASSAULT
6236,402,SHOPLIFTING
6237,402,TRAFFIC VIOLATION
6238,402,VANDALISM
6239,402,VEHICLE - STOLEN
6240,403,ARSON
6241,403,ASSAULT
6242,403,BURGLARY
6243,403,COUNTERFEITING
6244,403,CYBERCRIME
6245,403,DOMESTIC VIOLENCE
6246,403,DRUG OFFENSE
6247,403,EXTORTION
6248,403,FIREARM OFFENSE
6249,403,FRAUD
6250,403,HOMICIDE
6251,403,IDENTITY THEFT
6252,403,ILLEGAL POSSESSION
6253,403,KIDNAPPING
6254,403,PUBLIC INTOXICATION
6255,403,ROBBERY
6256,403,SEXUAL ASSAULT
6257,403,SHOPLIFTING
6258,403,TRAFFIC VIOLATION
6259,403,VANDALISM
6260,403,VEHICLE - STOLEN
6261,404,ARSON
6262,404,ASSAULT
6263,404,BURGLARY
6264,404,COUNTERFEITING
6265,404,CYBERCRIME
6266,404,DOMESTIC VIOLENCE
6267,404,DRUG OFFENSE
6268,404,EXTORTION
6269,404,FIREARM OFFENSE
6270,404,FRAUD
6271,404,HOMICIDE
6272,404,IDENTITY THEFT
6273,404,ILLEGAL POSSESSION
6274,404,KIDNAPPING
6275,404,PUBLIC INTOXICATION
6276,404,ROBBERY
6277,404,SEXUAL ASSAULT
6278,404,SHOPLIFTING
6279,404,TRAFFIC VIOLATION
6280,404,VANDALISM
6281,404,VEHICLE - STOLEN
6282,405,ARSON
6283,405,ASSAULT
6284,405,BURGLARY
6285,405,COUNTERFEITING
6286,405,CYBERCRIME
6287,405,DOMESTIC VIOLENCE
6288,405,DRUG OFFENSE
6289,405,EXTORTION
6290,405,FIREARM OFFENSE
6291,405,FRAUD
6292,405,HOMICIDE
6293,405,IDENTITY THEFT
6294,405,ILLEGAL POSSESSION
6295,405,KIDNAPPING
6296,405,PUBLIC INTOXICATION
6297,405,ROBBERY
6298,405,SEXUAL ASSAULT
6299,405,SHOPLIFTING
6300,405,TRAFFIC VIOLATION
6301,405,VANDALISM
6302,405,VEHICLE - STOLEN
6303,406,ARSON
6304,406,ASSAULT
6305,406,BURGLARY
6306,406,COUNTERFEITING
6307,406,CYBERCRIME
6308,406,DOMESTIC VIOLENCE
6309,406,DRUG OFFENSE
6310,406,EXTORTION
6311,406,FIREARM OFFENSE
6312,406,FRAUD
6313,406,HOMICIDE
6314,406,IDENTITY THEFT
6315,406,ILLEGAL POSSESSION
6316,406,KIDNAPPING
6317,406,PUBLIC INTOXICATION
6318,406,ROBBERY
6319,406,SEXUAL ASSAULT
6320,406,SHOPLIFTING
6321,406,TRAFFIC VIOLATION
6322,406,VANDALISM
6323,406,VEHICLE - STOLEN
6324,407,ARSON
6325,407,ASSAULT
6326,407,BURGLARY
6327,407,COUNTERFEITING
6328,407,CYBERCRIME
6329,407,DOMESTIC VIOLENCE
6330,407,DRUG OFFENSE
6331,407,EXTORTION
6332,407,FIREARM OFFENSE
6333,407,FRAUD
6334,407,HOMICIDE
6335,407,IDENTITY THEFT
6336,407,ILLEGAL POSSESSION
6337,407,KIDNAPPING
6338,407,PUBLIC INTOXICATION
6339,407,ROBBERY
6340,407,SEXUAL ASSAULT
6341,407,SHOPLIFTING
6342,407,TRAFFIC VIOLATION
6343,407,VANDALISM
6344,407,VEHICLE - STOLEN
6345,408,ARSON
6346,408,ASSAULT
6347,408,BURGLARY
6348,408,COUNTERFEITING
6349,408,CYBERCRIME
6350,408,DOMESTIC VIOLENCE
6351,408,DRUG OFFENSE
6352,408,EXTORTION
6353,408,FIREARM OFFENSE
6354,408,FRAUD
6355,408,HOMICIDE
6356,408,IDENTITY THEFT
6357,408,ILLEGAL POSSESSION
6358,408,KIDNAPPING
6359,408,PUBLIC INTOXICATION
6360,408,ROBBERY
6361,408,SEXUAL ASSAULT
6362,408,SHOPLIFTING
6363,408,TRAFFIC VIOLATION
6364,408,VANDALISM
6365,408,VEHICLE - STOLEN
6366,409,ARSON
6367,409,ASSAULT
6368,409,BURGLARY
6369,409,COUNTERFEITING
6370,409,DOMESTIC VIOLENCE
6371,409,DRUG OFFENSE
6372,409,EXTORTION
6373,409,FIREARM OFFENSE
6374,409,FRAUD
6375,409,HOMICIDE
6376,409,IDENTITY THEFT
6377,409,ILLEGAL POSSESSION
6378,409,KIDNAPPING
6379,409,PUBLIC INTOXICATION
6380,409,ROBBERY
6381,409,SEXUAL ASSAULT
6382,409,SHOPLIFTING
6383,409,TRAFFIC VIOLATION
6384,409,VANDALISM
6385,410,ARSON
6386,410,ASSAULT
6387,410,BURGLARY
6388,410,COUNTERFEITING
6389,410,CYBERCRIME
6390,410,DRUG OFFENSE
6391,410,EXTORTION
6392,410,FIREARM OFFENSE
6393,410,FRAUD
6394,410,HOMICIDE
6395,410,IDENTITY THEFT
6396,410,ILLEGAL POSSESSION
6397,410,KIDNAPPING
6398,410,PUBLIC INTOXICATION
6399,410,ROBBERY
6400,410,SEXUAL ASSAULT
6401,410,TRAFFIC VIOLATION
6402,410,VANDALISM
6403,410,VEHICLE - STOLEN
6404,411,ARSON
6405,411,ASSAULT
6406,411,BURGLARY
6407,411,COUNTERFEITING
6408,411,CYBERCRIME
6409,411,DOMESTIC VIOLENCE
6410,411,DRUG OFFENSE
6411,411,EXTORTION
6412,411,FIREARM OFFENSE
6413,411,FRAUD
6414,411,HOMICIDE
6415,411,IDENTITY THEFT
6416,411,ILLEGAL POSSESSION
6417,411,KIDNAPPING
6418,411,PUBLIC INTOXICATION
6419,411,ROBBERY
6420,411,SEXUAL ASSAULT
6421,411,SHOPLIFTING
6422,411,TRAFFIC VIOLATION
6423,411,VANDALISM
6424,411,VEHICLE - STOLEN
6425,412,ARSON
6426,412,ASSAULT
6427,412,BURGLARY
6428,412,COUNTERFEITING
6429,412,CYBERCRIME
6430,412,DOMESTIC VIOLENCE
6431,412,DRUG OFFENSE
6432,412,EXTORTION
6433,412,FIREARM OFFENSE
6434,412,FRAUD
6435,412,HOMICIDE
6436,412,IDENTITY THEFT
6437,412,ILLEGAL POSSESSION
6438,412,KIDNAPPING
6439,412,PUBLIC INTOXICATION
6440,412,ROBBERY
6441,412,SEXUAL ASSAULT
6442,412,SHOPLIFTING
6443,412,TRAFFIC VIOLATION
6444,412,VANDALISM
6445,412,VEHICLE - STOLEN
6446,413,ARSON
6447,413,ASSAULT
6448,413,BURGLARY
6449,413,COUNTERFEITING
6450,413,CYBERCRIME
6451,413,DOMESTIC VIOLENCE
6452,413,DRUG OFFENSE
6453,413,EXTORTION
6454,413,FIREARM OFFENSE
6455,413,FRAUD
6456,413,HOMICIDE
6457,413,IDENTITY THEFT
6458,413,ILLEGAL POSSESSION
6459,413,KIDNAPPING
6460,413,PUBLIC INTOXICATION
6461,413,SEXUAL ASSAULT
6462,413,SHOPLIFTING
6463,413,TRAFFIC VIOLATION
6464,413,VANDALISM
6465,413,VEHICLE - STOLEN
6466,414,ARSON
6467,414,ASSAULT
6468,414,BURGLARY
6469,414,COUNTERFEITING
6470,414,CYBERCRIME
6471,414,DOMESTIC VIOLENCE
6472,414,DRUG OFFENSE
6473,414,EXTORTION
6474,414,FIREARM OFFENSE
6475,414,FRAUD
6476,414,IDENTITY THEFT
6477,414,ILLEGAL POSSESSION
6478,414,KIDNAPPING
6479,414,PUBLIC INTOXICATION
6480,414,ROBBERY
6481,414,SEXUAL ASSAULT
6482,414,SHOPLIFTING
6483,414,TRAFFIC VIOLATION
6484,414,VANDALISM
6485,414,VEHICLE - STOLEN
6486,415,ARSON
6487,415,ASSAULT
6488,415,BURGLARY
6489,415,COUNTERFEITING
6490,415,CYBERCRIME
6491,415,DOMESTIC VIOLENCE
6492,415,DRUG OFFENSE
6493,415,EXTORTION
6494,415,FIREARM OFFENSE
6495,415,FRAUD
6496,415,HOMICIDE
6497,415,IDENTITY THEFT
6498,415,ILLEGAL POSSESSION
6499,415,KIDNAPPING
6500,415,PUBLIC INTOXICATION
6501,415,ROBBERY
6502,415,SHOPLIFTING
6503,415,TRAFFIC VIOLATION
6504,415,VANDALISM
6505,416,ARSON
6506,416,ASSAULT
6507,416,BURGLARY
6508,416,COUNTERFEITING
6509,416,CYBERCRIME
6510,416,DOMESTIC VIOLENCE
6511,416,DRUG OFFENSE
6512,416,EXTORTION
6513,416,FIREARM OFFENSE
6514,416,FRAUD
6515,416,HOMICIDE
6516,416,IDENTITY THEFT
6517,416,ILLEGAL POSSESSION
6518,416,KIDNAPPING
6519,416,PUBLIC INTOXICATION
6520,416,ROBBERY
6521,416,SEXUAL ASSAULT
6522,416,SHOPLIFTING
6523,416,TRAFFIC VIOLATION
6524,416,VANDALISM
6525,416,VEHICLE - STOLEN
6526,417,ARSON
6527,417,ASSAULT
6528,417,BURGLARY
6529,417,COUNTERFEITING
6530,417,CYBERCRIME
6531,417,DOMESTIC VIOLENCE
6532,417,DRUG OFFENSE
6533,417,EXTORTION
6534,417,FIREARM OFFENSE
6535,417,FRAUD
6536,417,HOMICIDE
6537,417,IDENTITY THEFT
6538,417,ILLEGAL POSSESSION
6539,417,KIDNAPPING
6540,417,PUBLIC INTOXICATION
6541,417,ROBBERY
6542,417,SHOPLIFTING
6543,417,TRAFFIC VIOLATION
6544,417,VANDALISM
6545,417,VEHICLE - STOLEN
6546,418,ARSON
6547,418,ASSAULT
6548,418,BURGLARY
6549,418,COUNTERFEITING
6550,418,CYBERCRIME
6551,418,DOMESTIC VIOLENCE
6552,418,DRUG OFFENSE
6553,418,EXTORTION
6554,418,FIREARM OFFENSE
6555,418,FRAUD
6556,418,HOMICIDE
6557,418,IDENTITY THEFT
6558,418,ILLEGAL POSSESSION
6559,418,KIDNAPPING
6560,418,PUBLIC INTOXICATION
6561,418,ROBBERY
6562,418,SEXUAL ASSAULT
6563,418,SHOPLIFTING
6564,418,VANDALISM
6565,418,VEHICLE - STOLEN
6566,419,ARSON
6567,419,ASSAULT
6568,419,BURGLARY
6569,419,COUNTERFEITING
6570,419,CYBERCRIME
6571,419,DOMESTIC VIOLENCE
6572,419,DRUG OFFENSE
6573,419,EXTORTION
6574,419,FIREARM OFFENSE
6575,419,FRAUD
6576,419,HOMICIDE
6577,419,IDENTITY THEFT
6578,419,ILLEGAL POSSESSION
6579,419,KIDNAPPING
6580,419,PUBLIC INTOXICATION
6581,419,ROBBERY
6582,419,SHOPLIFTING
6583,419,TRAFFIC VIOLATION
6584,419,VANDALISM
6585,419,VEHICLE - STOLEN
6586,420,ARSON
6587,420,ASSAULT
6588,420,BURGLARY
6589,420,COUNTERFEITING
6590,420,CYBERCRIME
6591,420,DOMESTIC VIOLENCE
6592,420,DRUG OFFENSE
6593,420,EXTORTION
6594,420,FIREARM OFFENSE
6595,420,FRAUD
6596,420,HOMICIDE
6597,420,IDENTITY THEFT
6598,420,ILLEGAL POSSESSION
6599,420,KIDNAPPING
6600,420,PUBLIC INTOXICATION
6601,420,ROBBERY
6602,420,SEXUAL ASSAULT
6603,420,SHOPLIFTING
6604,420,TRAFFIC VIOLATION
6605,420,VANDALISM
6606,420,VEHICLE - STOLEN
6607,421,ARSON
6608,421,ASSAULT
6609,421,BURGLARY
6610,421,COUNTERFEITING
6611,421,DOMESTIC VIOLENCE
6612,421,DRUG OFFENSE
6613,421,EXTORTION
6614,421,FIREARM OFFENSE
6615,421,FRAUD
6616,421,HOMICIDE
6617,421,IDENTITY THEFT
6618,421,ILLEGAL POSSESSION
6619,421,KIDNAPPING
6620,421,PUBLIC INTOXICATION
6621,421,ROBBERY
6622,421,SEXUAL ASSAULT
6623,421,SHOPLIFTING
6624,421,TRAFFIC VIOLATION
6625,421,VANDALISM
6626,421,VEHICLE - STOLEN
6627,422,ARSON
6628,422,ASSAULT
6629,422,BURGLARY
6630,422,COUNTERFEITING
6631,422,CYBERCRIME
6632,422,DOMESTIC VIOLENCE
6633,422,DRUG OFFENSE
6634,422,EXTORTION
6635,422,FIREARM OFFENSE
6636,422,FRAUD
6637,422,HOMICIDE
6638,422,IDENTITY THEFT
6639,422,ILLEGAL POSSESSION
6640,422,KIDNAPPING
6641,422,PUBLIC INTOXICATION
6642,422,ROBBERY
6643,422,SEXUAL ASSAULT
6644,422,SHOPLIFTING
6645,422,TRAFFIC VIOLATION
6646,422,VANDALISM
6647,422,VEHICLE - STOLEN
6648,423,ARSON
6649,423,ASSAULT
6650,423,BURGLARY
6651,423,COUNTERFEITING
6652,423,CYBERCRIME
6653,423,DOMESTIC VIOLENCE
6654,423,DRUG OFFENSE
6655,423,EXTORTION
6656,423,FIREARM OFFENSE
6657,423,FRAUD
6658,423,HOMICIDE
6659,423,IDENTITY THEFT
6660,423,ILLEGAL POSSESSION
6661,423,KIDNAPPING
6662,423,ROBBERY
6663,423,SEXUAL ASSAULT
6664,423,SHOPLIFTING
6665,423,TRAFFIC VIOLATION
6666,423,VANDALISM
6667,423,VEHICLE - STOLEN
6668,424,ARSON
6669,424,ASSAULT
6670,424,BURGLARY
6671,424,COUNTERFEITING
6672,424,CYBERCRIME
6673,424,DOMESTIC VIOLENCE
6674,424,DRUG OFFENSE
6675,424,EXTORTION
6676,424,FIREARM OFFENSE
6677,424,FRAUD
6678,424,HOMICIDE
6679,424,IDENTITY THEFT
6680,424,ILLEGAL POSSESSION
6681,424,KIDNAPPING
6682,424,PUBLIC INTOXICATION
6683,424,ROBBERY
6684,424,SEXUAL ASSAULT
6685,424,SHOPLIFTING
6686,424,TRAFFIC VIOLATION
6687,424,VANDALISM
6688,424,VEHICLE - STOLEN
6689,425,ASSAULT
6690,425,BURGLARY
6691,425,COUNTERFEITING
6692,425,CYBERCRIME
6693,425,DOMESTIC VIOLENCE
6694,425,DRUG OFFENSE
6695,425,EXTORTION
6696,425,FIREARM OFFENSE
6697,425,FRAUD
6698,425,HOMICIDE
6699,425,IDENTITY THEFT
6700,425,ILLEGAL POSSESSION
6701,425,PUBLIC INTOXICATION
6702,425,ROBBERY
6703,425,SEXUAL ASSAULT
6704,425,SHOPLIFTING
6705,425,TRAFFIC VIOLATION
6706,425,VANDALISM
6707,425,VEHICLE - STOLEN
6708,426,ARSON
6709,426,ASSAULT
6710,426,BURGLARY
6711,426,COUNTERFEITING
6712,426,CYBERCRIME
6713,426,DOMESTIC VIOLENCE
6714,426,DRUG OFFENSE
6715,426,EXTORTION
6716,426,FIREARM OFFENSE
6717,426,FRAUD
6718,426,HOMICIDE
6719,426,IDENTITY THEFT
6720,426,ILLEGAL POSSESSION
6721,426,KIDNAPPING
6722,426,PUBLIC INTOXICATION
6723,426,ROBBERY
6724,426,SEXUAL ASSAULT
6725,426,SHOPLIFTING
6726,426,TRAFFIC VIOLATION
6727,426,VANDALISM
6728,426,VEHICLE - STOLEN
6729,427,ARSON
6730,427,ASSAULT
6731,427,BURGLARY
6732,427,COUNTERFEITING
6733,427,CYBERCRIME
6734,427,DOMESTIC VIOLENCE
6735,427,DRUG OFFENSE
6736,427,EXTORTION
6737,427,FIREARM OFFENSE
6738,427,FRAUD
6739,427,HOMICIDE
6740,427,IDENTITY THEFT
6741,427,ILLEGAL POSSESSION
6742,427,KIDNAPPING
6743,427,PUBLIC INTOXICATION
6744,427,ROBBERY
6745,427,SEXUAL ASSAULT
6746,427,SHOPLIFTING
6747,427,TRAFFIC VIOLATION
6748,427,VANDALISM
6749,427,VEHICLE - STOLEN
6750,428,ARSON
6751,428,ASSAULT
6752,428,BURGLARY
6753,428,COUNTERFEITING
6754,428,CYBERCRIME
6755,428,DOMESTIC VIOLENCE
6756,428,DRUG OFFENSE
6757,428,EXTORTION
6758,428,FIREARM OFFENSE
6759,428,FRAUD
6760,428,HOMICIDE
6761,428,IDENTITY THEFT
6762,428,ILLEGAL POSSESSION
6763,428,KIDNAPPING
6764,428,PUBLIC INTOXICATION
6765,428,ROBBERY
6766,428,SEXUAL ASSAULT
6767,428,SHOPLIFTING
6768,428,TRAFFIC VIOLATION
6769,428,VANDALISM
6770,428,VEHICLE - STOLEN
6771,429,ARSON
6772,429,ASSAULT
6773,429,BURGLARY
6774,429,COUNTERFEITING
6775,429,CYBERCRIME
6776,429,DOMESTIC VIOLENCE
6777,429,DRUG OFFENSE
6778,429,EXTORTION
6779,429,FIREARM OFFENSE
6780,429,FRAUD
6781,429,HOMICIDE
6782,429,IDENTITY THEFT
6783,429,ILLEGAL POSSESSION
6784,429,KIDNAPPING
6785,429,PUBLIC INTOXICATION
6786,429,ROBBERY
6787,429,SEXUAL ASSAULT
6788,429,SHOPLIFTING
6789,429,TRAFFIC VIOLATION
6790,429,VANDALISM
6791,429,VEHICLE - STOLEN
6792,430,ARSON
6793,430,ASSAULT
6794,430,BURGLARY
6795,430,COUNTERFEITING
6796,430,CYBERCRIME
6797,430,DOMESTIC VIOLENCE
6798,430,DRUG OFFENSE
6799,430,EXTORTION
6800,430,FIREARM OFFENSE
6801,430,FRAUD
6802,430,HOMICIDE
6803,430,IDENTITY THEFT
6804,430,ILLEGAL POSSESSION
6805,430,KIDNAPPING
6806,430,PUBLIC INTOXICATION
6807,430,ROBBERY
6808,430,SEXUAL ASSAULT
6809,430,SHOPLIFTING
6810,430,TRAFFIC VIOLATION
6811,430,VANDALISM
6812,430,VEHICLE - STOLEN
6813,431,ARSON
6814,431,ASSAULT
6815,431,BURGLARY
6816,431,COUNTERFEITING
6817,431,CYBERCRIME
6818,431,DOMESTIC VIOLENCE
6819,431,DRUG OFFENSE
6820,431,EXTORTION
6821,431,FIREARM OFFENSE
6822,431,FRAUD
6823,431,HOMICIDE
6824,431,IDENTITY THEFT
6825,431,ILLEGAL POSSESSION
6826,431,KIDNAPPING
6827,431,PUBLIC INTOXICATION
6828,431,ROBBERY
6829,431,SEXUAL ASSAULT
6830,431,SHOPLIFTING
6831,431,TRAFFIC VIOLATION
6832,431,VANDALISM
6833,431,VEHICLE - STOLEN
6834,432,ARSON
6835,432,ASSAULT
6836,432,BURGLARY
6837,432,COUNTERFEITING
6838,432,CYBERCRIME
6839,432,DOMESTIC VIOLENCE
6840,432,DRUG OFFENSE
6841,432,EXTORTION
6842,432,FIREARM OFFENSE
6843,432,FRAUD
6844,432,HOMICIDE
6845,432,IDENTITY THEFT
6846,432,ILLEGAL POSSESSION
6847,432,KIDNAPPING
6848,432,PUBLIC INTOXICATION
6849,432,ROBBERY
6850,432,SEXUAL ASSAULT
6851,432,SHOPLIFTING
6852,432,TRAFFIC VIOLATION
6853,432,VANDALISM
6854,432,VEHICLE - STOLEN
6855,433,ARSON
6856,433,ASSAULT
6857,433,BURGLARY
6858,433,COUNTERFEITING
6859,433,CYBERCRIME
6860,433,DOMESTIC VIOLENCE
6861,433,DRUG OFFENSE
6862,433,EXTORTION
6863,433,FIREARM OFFENSE
6864,433,FRAUD
6865,433,HOMICIDE
6866,433,IDENTITY THEFT
6867,433,ILLEGAL POSSESSION
6868,433,KIDNAPPING
6869,433,PUBLIC INTOXICATION
6870,433,ROBBERY
6871,433,SEXUAL ASSAULT
6872,433,SHOPLIFTING
6873,433,TRAFFIC VIOLATION
6874,433,VANDALISM
6875,433,VEHICLE - STOLEN
6876,434,ARSON
6877,434,ASSAULT
6878,434,BURGLARY
6879,434,COUNTERFEITING
6880,434,CYBERCRIME
6881,434,DOMESTIC VIOLENCE
6882,434,DRUG OFFENSE
6883,434,EXTORTION
6884,434,FIREARM OFFENSE
6885,434,FRAUD
6886,434,HOMICIDE
6887,434,IDENTITY THEFT
6888,434,ILLEGAL POSSESSION
6889,434,KIDNAPPING
6890,434,PUBLIC INTOXICATION
6891,434,SEXUAL ASSAULT
6892,434,SHOPLIFTING
6893,434,TRAFFIC VIOLATION
6894,434,VANDALISM
6895,434,VEHICLE - STOLEN
6896,435,ARSON
6897,435,ASSAULT
6898,435,BURGLARY
6899,435,COUNTERFEITING
6900,435,CYBERCRIME
6901,435,DOMESTIC VIOLENCE
6902,435,DRUG OFFENSE
6903,435,EXTORTION
6904,435,FIREARM OFFENSE
6905,435,FRAUD
6906,435,HOMICIDE
6907,435,IDENTITY THEFT
6908,435,ILLEGAL POSSESSION
6909,435,KIDNAPPING
6910,435,PUBLIC INTOXICATION
6911,435,ROBBERY
6912,435,SEXUAL ASSAULT
6913,435,SHOPLIFTING
6914,435,TRAFFIC VIOLATION
6915,435,VANDALISM
6916,435,VEHICLE - STOLEN
6917,436,ARSON
6918,436,ASSAULT
6919,436,BURGLARY
6920,436,COUNTERFEITING
6921,436,CYBERCRIME
6922,436,DOMESTIC VIOLENCE
6923,436,DRUG OFFENSE
6924,436,EXTORTION
6925,436,FIREARM OFFENSE
6926,436,FRAUD
6927,436,HOMICIDE
6928,436,IDENTITY THEFT
6929,436,ILLEGAL POSSESSION
6930,436,KIDNAPPING
6931,436,PUBLIC INTOXICATION
6932,436,ROBBERY
6933,436,SEXUAL ASSAULT
6934,436,SHOPLIFTING
6935,436,TRAFFIC VIOLATION
6936,436,VANDALISM
6937,436,VEHICLE - STOLEN
6938,437,ARSON
6939,437,ASSAULT
6940,437,BURGLARY
6941,437,COUNTERFEITING
6942,437,CYBERCRIME
6943,437,DOMESTIC VIOLENCE
6944,437,DRUG OFFENSE
6945,437,EXTORTION
6946,437,FIREARM OFFENSE
6947,437,FRAUD
6948,437,HOMICIDE
6949,437,IDENTITY THEFT
6950,437,ILLEGAL POSSESSION
6951,437,KIDNAPPING
6952,437,PUBLIC INTOXICATION
6953,437,ROBBERY
6954,437,SEXUAL ASSAULT
6955,437,SHOPLIFTING
6956,437,TRAFFIC VIOLATION
6957,437,VANDALISM
6958,437,VEHICLE - STOLEN
6959,438,ARSON
6960,438,ASSAULT
6961,438,BURGLARY
6962,438,COUNTERFEITING
6963,438,CYBERCRIME
6964,438,DOMESTIC VIOLENCE
6965,438,DRUG OFFENSE
6966,438,EXTORTION
6967,438,FIREARM OFFENSE
6968,438,FRAUD
6969,438,HOMICIDE
6970,438,IDENTITY THEFT
6971,438,ILLEGAL POSSESSION
6972,438,KIDNAPPING
6973,438,PUBLIC INTOXICATION
6974,438,ROBBERY
6975,438,SEXUAL ASSAULT
6976,438,SHOPLIFTING
6977,438,TRAFFIC VIOLATION
6978,438,VANDALISM
6979,438,VEHICLE - STOLEN
6980,439,ARSON
6981,439,ASSAULT
6982,439,BURGLARY
6983,439,COUNTERFEITING
6984,439,CYBERCRIME
6985,439,DOMESTIC VIOLENCE
6986,439,DRUG OFFENSE
6987,439,EXTORTION
6988,439,FIREARM OFFENSE
6989,439,FRAUD
6990,439,HOMICIDE
6991,439,IDENTITY THEFT
6992,439,ILLEGAL POSSESSION
6993,439,KIDNAPPING
6994,439,PUBLIC INTOXICATION
6995,439,ROBBERY
6996,439,SEXUAL ASSAULT
6997,439,SHOPLIFTING
6998,439,TRAFFIC VIOLATION
6999,439,VANDALISM
7000,439,VEHICLE - STOLEN
7001,440,ARSON
7002,440,ASSAULT
7003,440,BURGLARY
7004,440,COUNTERFEITING
7005,440,CYBERCRIME
7006,440,DOMESTIC VIOLENCE
7007,440,DRUG OFFENSE
7008,440,FIREARM OFFENSE
7009,440,FRAUD
7010,440,HOMICIDE
7011,440,IDENTITY THEFT
7012,440,ILLEGAL POSSESSION
7013,440,KIDNAPPING
7014,440,PUBLIC INTOXICATION
7015,440,ROBBERY
7016,440,SEXUAL ASSAULT
7017,440,SHOPLIFTING
7018,440,TRAFFIC VIOLATION
7019,440,VANDALISM
7020,440,VEHICLE - STOLEN
7021,441,ARSON
7022,441,ASSAULT
7023,441,BURGLARY
7024,441,COUNTERFEITING
7025,441,CYBERCRIME
7026,441,DOMESTIC VIOLENCE
7027,441,DRUG OFFENSE
7028,441,EXTORTION
7029,441,FIREARM OFFENSE
7030,441,FRAUD
7031,441,HOMICIDE
7032,441,IDENTITY THEFT
7033,441,ILLEGAL POSSESSION
7034,441,KIDNAPPING
7035,441,PUBLIC INTOXICATION
7036,441,ROBBERY
7037,441,SHOPLIFTING
7038,441,TRAFFIC VIOLATION
7039,441,VANDALISM
7040,441,VEHICLE - STOLEN
7041,442,ARSON
7042,442,ASSAULT
7043,442,BURGLARY
7044,442,COUNTERFEITING
7045,442,CYBERCRIME
7046,442,DOMESTIC VIOLENCE
7047,442,DRUG OFFENSE
7048,442,EXTORTION
7049,442,FIREARM OFFENSE
7050,442,FRAUD
7051,442,HOMICIDE
7052,442,IDENTITY THEFT
7053,442,ILLEGAL POSSESSION
7054,442,KIDNAPPING
7055,442,PUBLIC INTOXICATION
7056,442,ROBBERY
7057,442,SEXUAL ASSAULT
7058,442,SHOPLIFTING
7059,442,TRAFFIC VIOLATION
7060,442,VANDALISM
7061,442,VEHICLE - STOLEN
7062,443,ARSON
7063,443,ASSAULT
7064,443,BURGLARY
7065,443,COUNTERFEITING
7066,443,CYBERCRIME
7067,443,DOMESTIC VIOLENCE
7068,443,DRUG OFFENSE
7069,443,EXTORTION
7070,443,FIREARM OFFENSE
7071,443,FRAUD
7072,443,HOMICIDE
7073,443,IDENTITY THEFT
7074,443,ILLEGAL POSSESSION
7075,443,KIDNAPPING
7076,443,PUBLIC INTOXICATION
7077,443,ROBBERY
7078,443,SEXUAL ASSAULT
7079,443,SHOPLIFTING
7080,443,TRAFFIC VIOLATION
7081,443,VANDALISM
7082,443,VEHICLE - STOLEN
7083,444,ARSON
7084,444,ASSAULT
7085,444,BURGLARY
7086,444,COUNTERFEITING
7087,444,CYBERCRIME
7088,444,DOMESTIC VIOLENCE
7089,444,DRUG OFFENSE
7090,444,EXTORTION
7091,444,FIREARM OFFENSE
7092,444,FRAUD
7093,444,HOMICIDE
7094,444,IDENTITY THEFT
7095,444,ILLEGAL POSSESSION
7096,444,KIDNAPPING
7097,444,PUBLIC INTOXICATION
7098,444,ROBBERY
7099,444,SEXUAL ASSAULT
7100,444,SHOPLIFTING
7101,444,TRAFFIC VIOLATION
7102,444,VANDALISM
7103,444,VEHICLE - STOLEN
7104,445,ARSON
7105,445,ASSAULT
7106,445,BURGLARY
7107,445,COUNTERFEITING
7108,445,CYBERCRIME
7109,445,DOMESTIC VIOLENCE
7110,445,DRUG OFFENSE
7111,445,EXTORTION
7112,445,FIREARM OFFENSE
7113,445,FRAUD
7114,445,HOMICIDE
7115,445,IDENTITY THEFT
7116,445,ILLEGAL POSSESSION
7117,445,KIDNAPPING
7118,445,PUBLIC INTOXICATION
7119,445,ROBBERY
7120,445,SEXUAL ASSAULT
7121,445,SHOPLIFTING
7122,445,TRAFFIC VIOLATION
7123,445,VANDALISM
7124,445,VEHICLE - STOLEN
7125,446,ASSAULT
7126,446,BURGLARY
7127,446,COUNTERFEITING
7128,446,CYBERCRIME
7129,446,DOMESTIC VIOLENCE
7130,446,DRUG OFFENSE
7131,446,EXTORTION
7132,446,FRAUD
7133,446,HOMICIDE
7134,446,IDENTITY THEFT
7135,446,ILLEGAL POSSESSION
7136,446,KIDNAPPING
7137,446,PUBLIC INTOXICATION
7138,446,ROBBERY
7139,446,SEXUAL ASSAULT
7140,446,SHOPLIFTING
7141,446,TRAFFIC VIOLATION
7142,446,VANDALISM
7143,446,VEHICLE - STOLEN
7144,447,ARSON
7145,447,BURGLARY
7146,447,COUNTERFEITING
7147,447,CYBERCRIME
7148,447,DOMESTIC VIOLENCE
7149,447,DRUG OFFENSE
7150,447,EXTORTION
7151,447,FIREARM OFFENSE
7152,447,FRAUD
7153,447,HOMICIDE
7154,447,IDENTITY THEFT
7155,447,ILLEGAL POSSESSION
7156,447,KIDNAPPING
7157,447,PUBLIC INTOXICATION
7158,447,ROBBERY
7159,447,SEXUAL ASSAULT
7160,447,SHOPLIFTING
7161,447,TRAFFIC VIOLATION
7162,447,VANDALISM
7163,447,VEHICLE - STOLEN
7164,448,ARSON
7165,448,ASSAULT
7166,448,BURGLARY
7167,448,COUNTERFEITING
7168,448,CYBERCRIME
7169,448,DRUG OFFENSE
7170,448,EXTORTION
7171,448,FIREARM OFFENSE
7172,448,FRAUD
7173,448,HOMICIDE
7174,448,IDENTITY THEFT
7175,448,ILLEGAL POSSESSION
7176,448,KIDNAPPING
7177,448,PUBLIC INTOXICATION
7178,448,ROBBERY
7179,448,SEXUAL ASSAULT
7180,448,SHOPLIFTING
7181,448,TRAFFIC VIOLATION
7182,448,VANDALISM
7183,448,VEHICLE - STOLEN
7184,449,ARSON
7185,449,ASSAULT
7186,449,BURGLARY
7187,449,COUNTERFEITING
7188,449,CYBERCRIME
7189,449,DOMESTIC VIOLENCE
7190,449,DRUG OFFENSE
7191,449,EXTORTION
7192,449,FIREARM OFFENSE
7193,449,FRAUD
7194,449,HOMICIDE
7195,449,IDENTITY THEFT
7196,449,KIDNAPPING
7197,449,PUBLIC INTOXICATION
7198,449,ROBBERY
7199,449,SEXUAL ASSAULT
7200,449,SHOPLIFTING
7201,449,TRAFFIC VIOLATION
7202,449,VANDALISM
7203,449,VEHICLE - STOLEN
7204,450,ARSON
7205,450,ASSAULT
7206,450,BURGLARY
7207,450,COUNTERFEITING
7208,450,CYBERCRIME
7209,450,DOMESTIC VIOLENCE
7210,450,DRUG OFFENSE
7211,450,EXTORTION
7212,450,FIREARM OFFENSE
7213,450,FRAUD
7214,450,HOMICIDE
7215,450,IDENTITY THEFT
7216,450,ILLEGAL POSSESSION
7217,450,KIDNAPPING
7218,450,PUBLIC INTOXICATION
7219,450,ROBBERY
7220,450,SEXUAL ASSAULT
7221,450,SHOPLIFTING
7222,450,TRAFFIC VIOLATION
7223,450,VANDALISM
7224,451,ARSON
7225,451,ASSAULT
7226,451,BURGLARY
7227,451,COUNTERFEITING
7228,451,CYBERCRIME
7229,451,DOMESTIC VIOLENCE
7230,451,DRUG OFFENSE
7231,451,EXTORTION
7232,451,FIREARM OFFENSE
7233,451,FRAUD
7234,451,HOMICIDE
7235,451,IDENTITY THEFT
7236,451,ILLEGAL POSSESSION
7237,451,KIDNAPPING
7238,451,PUBLIC INTOXICATION
7239,451,ROBBERY
7240,451,SEXUAL ASSAULT
7241,451,SHOPLIFTING
7242,451,TRAFFIC VIOLATION
7243,451,VANDALISM
7244,451,VEHICLE - STOLEN
7245,452,ARSON
7246,452,ASSAULT
7247,452,BURGLARY
7248,452,COUNTERFEITING
7249,452,CYBERCRIME
7250,452,DOMESTIC VIOLENCE
7251,452,DRUG OFFENSE
7252,452,EXTORTION
7253,452,FIREARM OFFENSE
7254,452,FRAUD
7255,452,HOMICIDE
7256,452,IDENTITY THEFT
7257,452,ILLEGAL POSSESSION
7258,452,KIDNAPPING
7259,452,PUBLIC INTOXICATION
7260,452,ROBBERY
7261,452,SEXUAL ASSAULT
7262,452,SHOPLIFTING
7263,452,TRAFFIC VIOLATION
7264,452,VANDALISM
7265,452,VEHICLE - STOLEN
7266,453,ARSON
7267,453,ASSAULT
7268,453,BURGLARY
7269,453,COUNTERFEITING
7270,453,CYBERCRIME
7271,453,DOMESTIC VIOLENCE
7272,453,DRUG OFFENSE
7273,453,EXTORTION
7274,453,FIREARM OFFENSE
7275,453,FRAUD
7276,453,HOMICIDE
7277,453,IDENTITY THEFT
7278,453,ILLEGAL POSSESSION
7279,453,KIDNAPPING
7280,453,PUBLIC INTOXICATION
7281,453,ROBBERY
7282,453,SEXUAL ASSAULT
7283,453,SHOPLIFTING
7284,453,TRAFFIC VIOLATION
7285,453,VANDALISM
7286,453,VEHICLE - STOLEN
7287,454,ARSON
7288,454,ASSAULT
7289,454,BURGLARY
7290,454,COUNTERFEITING
7291,454,CYBERCRIME
7292,454,DOMESTIC VIOLENCE
7293,454,DRUG OFFENSE
7294,454,EXTORTION
7295,454,FIREARM OFFENSE
7296,454,FRAUD
7297,454,HOMICIDE
7298,454,ILLEGAL POSSESSION
7299,454,KIDNAPPING
7300,454,PUBLIC INTOXICATION
7301,454,ROBBERY
7302,454,SEXUAL ASSAULT
7303,454,SHOPLIFTING
7304,454,TRAFFIC VIOLATION
7305,454,VANDALISM
7306,455,ARSON
7307,455,ASSAULT
7308,455,BURGLARY
7309,455,COUNTERFEITING
7310,455,CYBERCRIME
7311,455,DOMESTIC VIOLENCE
7312,455,DRUG OFFENSE
7313,455,EXTORTION
7314,455,FIREARM OFFENSE
7315,455,FRAUD
7316,455,HOMICIDE
7317,455,IDENTITY THEFT
7318,455,ILLEGAL POSSESSION
7319,455,KIDNAPPING
7320,455,PUBLIC INTOXICATION
7321,455,ROBBERY
7322,455,SEXUAL ASSAULT
7323,455,SHOPLIFTING
7324,455,TRAFFIC VIOLATION
7325,455,VANDALISM
7326,455,VEHICLE - STOLEN
7327,456,ARSON
7328,456,BURGLARY
7329,456,COUNTERFEITING
7330,456,CYBERCRIME
7331,456,DOMESTIC VIOLENCE
7332,456,DRUG OFFENSE
7333,456,EXTORTION
7334,456,FIREARM OFFENSE
7335,456,FRAUD
7336,456,HOMICIDE
7337,456,IDENTITY THEFT
7338,456,ILLEGAL POSSESSION
7339,456,KIDNAPPING
7340,456,PUBLIC INTOXICATION
7341,456,ROBBERY
7342,456,SEXUAL ASSAULT
7343,456,SHOPLIFTING
7344,456,TRAFFIC VIOLATION
7345,456,VANDALISM
7346,456,VEHICLE - STOLEN
7347,457,ARSON
7348,457,ASSAULT
7349,457,BURGLARY
7350,457,COUNTERFEITING
7351,457,CYBERCRIME
7352,457,DOMESTIC VIOLENCE
7353,457,DRUG OFFENSE
7354,457,EXTORTION
7355,457,FIREARM OFFENSE
7356,457,FRAUD
7357,457,HOMICIDE
7358,457,ILLEGAL POSSESSION
7359,457,KIDNAPPING
7360,457,PUBLIC INTOXICATION
7361,457,ROBBERY
7362,457,SEXUAL ASSAULT
7363,457,SHOPLIFTING
7364,457,TRAFFIC VIOLATION
7365,457,VANDALISM
7366,457,VEHICLE - STOLEN
7367,458,ARSON
7368,458,ASSAULT
7369,458,BURGLARY
7370,458,COUNTERFEITING
7371,458,CYBERCRIME
7372,458,DOMESTIC VIOLENCE
7373,458,DRUG OFFENSE
7374,458,FIREARM OFFENSE
7375,458,FRAUD
7376,458,HOMICIDE
7377,458,IDENTITY THEFT
7378,458,ILLEGAL POSSESSION
7379,458,KIDNAPPING
7380,458,PUBLIC INTOXICATION
7381,458,ROBBERY
7382,458,SEXUAL ASSAULT
7383,458,SHOPLIFTING
7384,458,TRAFFIC VIOLATION
7385,458,VANDALISM
7386,458,VEHICLE - STOLEN
7387,459,ASSAULT
7388,459,BURGLARY
7389,459,COUNTERFEITING
7390,459,CYBERCRIME
7391,459,DOMESTIC VIOLENCE
7392,459,DRUG OFFENSE
7393,459,EXTORTION
7394,459,FIREARM OFFENSE
7395,459,FRAUD
7396,459,HOMICIDE
7397,459,IDENTITY THEFT
7398,459,ILLEGAL POSSESSION
7399,459,KIDNAPPING
7400,459,PUBLIC INTOXICATION
7401,459,ROBBERY
7402,459,SEXUAL ASSAULT
7403,459,SHOPLIFTING
7404,459,TRAFFIC VIOLATION
7405,459,VANDALISM
7406,459,VEHICLE - STOLEN
7407,460,ARSON
7408,460,ASSAULT
7409,460,BURGLARY
7410,460,COUNTERFEITING
7411,460,CYBERCRIME
7412,460,DOMESTIC VIOLENCE
7413,460,DRUG OFFENSE
7414,460,EXTORTION
7415,460,FIREARM OFFENSE
7416,460,FRAUD
7417,460,HOMICIDE
7418,460,IDENTITY THEFT
7419,460,ILLEGAL POSSESSION
7420,460,KIDNAPPING
7421,460,PUBLIC INTOXICATION
7422,460,ROBBERY
7423,460,SEXUAL ASSAULT
7424,460,SHOPLIFTING
7425,460,VANDALISM
7426,460,VEHICLE - STOLEN
7427,461,ARSON
7428,461,ASSAULT
7429,461,BURGLARY
7430,461,COUNTERFEITING
7431,461,CYBERCRIME
7432,461,DOMESTIC VIOLENCE
7433,461,DRUG OFFENSE
7434,461,EXTORTION
7435,461,FIREARM OFFENSE
7436,461,FRAUD
7437,461,HOMICIDE
7438,461,IDENTITY THEFT
7439,461,ILLEGAL POSSESSION
7440,461,KIDNAPPING
7441,461,PUBLIC INTOXICATION
7442,461,ROBBERY
7443,461,SEXUAL ASSAULT
7444,461,SHOPLIFTING
7445,461,TRAFFIC VIOLATION
7446,461,VANDALISM
7447,461,VEHICLE - STOLEN
7448,462,ARSON
7449,462,ASSAULT
7450,462,BURGLARY
7451,462,COUNTERFEITING
7452,462,CYBERCRIME
7453,462,DOMESTIC VIOLENCE
7454,462,DRUG OFFENSE
7455,462,EXTORTION
7456,462,FIREARM OFFENSE
7457,462,FRAUD
7458,462,HOMICIDE
7459,462,IDENTITY THEFT
7460,462,ILLEGAL POSSESSION
7461,462,KIDNAPPING
7462,462,PUBLIC INTOXICATION
7463,462,ROBBERY
7464,462,SEXUAL ASSAULT
7465,462,SHOPLIFTING
7466,462,TRAFFIC VIOLATION
7467,462,VANDALISM
7468,462,VEHICLE - STOLEN
7469,463,ARSON
7470,463,ASSAULT
7471,463,BURGLARY
7472,463,COUNTERFEITING
7473,463,CYBERCRIME
7474,463,DOMESTIC VIOLENCE
7475,463,DRUG OFFENSE
7476,463,EXTORTION
7477,463,FIREARM OFFENSE
7478,463,FRAUD
7479,463,HOMICIDE
7480,463,IDENTITY THEFT
7481,463,ILLEGAL POSSESSION
7482,463,KIDNAPPING
7483,463,PUBLIC INTOXICATION
7484,463,ROBBERY
7485,463,SEXUAL ASSAULT
7486,463,SHOPLIFTING
7487,463,TRAFFIC VIOLATION
7488,463,VANDALISM
7489,463,VEHICLE - STOLEN
7490,464,ARSON
7491,464,ASSAULT
7492,464,BURGLARY
7493,464,COUNTERFEITING
7494,464,CYBERCRIME
7495,464,DOMESTIC VIOLENCE
7496,464,DRUG OFFENSE
7497,464,EXTORTION
7498,464,FIREARM OFFENSE
7499,464,FRAUD
7500,464,HOMICIDE
7501,464,IDENTITY THEFT
7502,464,ILLEGAL POSSESSION
7503,464,KIDNAPPING
7504,464,PUBLIC INTOXICATION
7505,464,ROBBERY
7506,464,SEXUAL ASSAULT
7507,464,SHOPLIFTING
7508,464,TRAFFIC VIOLATION
7509,464,VANDALISM
7510,464,VEHICLE - STOLEN
7511,465,ARSON
7512,465,ASSAULT
7513,465,BURGLARY
7514,465,COUNTERFEITING
7515,465,CYBERCRIME
7516,465,DOMESTIC VIOLENCE
7517,465,DRUG OFFENSE
7518,465,EXTORTION
7519,465,FIREARM OFFENSE
7520,465,FRAUD
7521,465,HOMICIDE
7522,465,IDENTITY THEFT
7523,465,ILLEGAL POSSESSION
7524,465,KIDNAPPING
7525,465,PUBLIC INTOXICATION
7526,465,ROBBERY
7527,465,SEXUAL ASSAULT
7528,465,SHOPLIFTING
7529,465,TRAFFIC VIOLATION
7530,465,VANDALISM
7531,465,VEHICLE - STOLEN
7532,466,ARSON
7533,466,ASSAULT
7534,466,BURGLARY
7535,466,CYBERCRIME
7536,466,DOMESTIC VIOLENCE
7537,466,DRUG OFFENSE
7538,466,EXTORTION
7539,466,FIREARM OFFENSE
7540,466,FRAUD
7541,466,HOMICIDE
7542,466,IDENTITY THEFT
7543,466,ILLEGAL POSSESSION
7544,466,KIDNAPPING
7545,466,PUBLIC INTOXICATION
7546,466,ROBBERY
7547,466,SEXUAL ASSAULT
7548,466,SHOPLIFTING
7549,466,TRAFFIC VIOLATION
7550,466,VANDALISM
7551,466,VEHICLE - STOLEN
7552,467,ARSON
7553,467,ASSAULT
7554,467,BURGLARY
7555,467,COUNTERFEITING
7556,467,CYBERCRIME
7557,467,DOMESTIC VIOLENCE
7558,467,DRUG OFFENSE
7559,467,EXTORTION
7560,467,FIREARM OFFENSE
7561,467,FRAUD
7562,467,HOMICIDE
7563,467,IDENTITY THEFT
7564,467,ILLEGAL POSSESSION
7565,467,KIDNAPPING
7566,467,PUBLIC INTOXICATION
7567,467,ROBBERY
7568,467,SEXUAL ASSAULT
7569,467,SHOPLIFTING
7570,467,VANDALISM
7571,467,VEHICLE - STOLEN
7572,468,ARSON
7573,468,ASSAULT
7574,468,BURGLARY
7575,468,COUNTERFEITING
7576,468,CYBERCRIME
7577,468,DOMESTIC VIOLENCE
7578,468,DRUG OFFENSE
7579,468,EXTORTION
7580,468,FIREARM OFFENSE
7581,468,FRAUD
7582,468,HOMICIDE
7583,468,IDENTITY THEFT
7584,468,ILLEGAL POSSESSION
7585,468,KIDNAPPING
7586,468,PUBLIC INTOXICATION
7587,468,ROBBERY
7588,468,SEXUAL ASSAULT
7589,468,SHOPLIFTING
7590,468,TRAFFIC VIOLATION
7591,468,VANDALISM
7592,468,VEHICLE - STOLEN
7593,469,ARSON
7594,469,ASSAULT
7595,469,BURGLARY
7596,469,COUNTERFEITING
7597,469,CYBERCRIME
7598,469,DOMESTIC VIOLENCE
7599,469,DRUG OFFENSE
7600,469,EXTORTION
7601,469,FIREARM OFFENSE
7602,469,FRAUD
7603,469,HOMICIDE
7604,469,IDENTITY THEFT
7605,469,ILLEGAL POSSESSION
7606,469,KIDNAPPING
7607,469,PUBLIC INTOXICATION
7608,469,ROBBERY
7609,469,SEXUAL ASSAULT
7610,469,SHOPLIFTING
7611,469,TRAFFIC VIOLATION
7612,469,VANDALISM
7613,469,VEHICLE - STOLEN
7614,470,ARSON
7615,470,ASSAULT
7616,470,BURGLARY
7617,470,COUNTERFEITING
7618,470,CYBERCRIME
7619,470,DOMESTIC VIOLENCE
7620,470,DRUG OFFENSE
7621,470,EXTORTION
7622,470,FIREARM OFFENSE
7623,470,FRAUD
7624,470,HOMICIDE
7625,470,IDENTITY THEFT
7626,470,ILLEGAL POSSESSION
7627,470,KIDNAPPING
7628,470,PUBLIC INTOXICATION
7629,470,ROBBERY
7630,470,SEXUAL ASSAULT
7631,470,SHOPLIFTING
7632,470,TRAFFIC VIOLATION
7633,470,VANDALISM
7634,470,VEHICLE - STOLEN
7635,471,ARSON
7636,471,ASSAULT
7637,471,BURGLARY
7638,471,COUNTERFEITING
7639,471,CYBERCRIME
7640,471,DOMESTIC VIOLENCE
7641,471,DRUG OFFENSE
7642,471,EXTORTION
7643,471,FIREARM OFFENSE
7644,471,FRAUD
7645,471,HOMICIDE
7646,471,IDENTITY THEFT
7647,471,ILLEGAL POSSESSION
7648,471,KIDNAPPING
7649,471,PUBLIC INTOXICATION
7650,471,ROBBERY
7651,471,SEXUAL ASSAULT
7652,471,SHOPLIFTING
7653,471,TRAFFIC VIOLATION
7654,471,VANDALISM
7655,471,VEHICLE - STOLEN
7656,472,ARSON
7657,472,ASSAULT
7658,472,BURGLARY
7659,472,COUNTERFEITING
7660,472,CYBERCRIME
7661,472,DOMESTIC VIOLENCE
7662,472,DRUG OFFENSE
7663,472,EXTORTION
7664,472,FIREARM OFFENSE
7665,472,FRAUD
7666,472,HOMICIDE
7667,472,IDENTITY THEFT
7668,472,ILLEGAL POSSESSION
7669,472,KIDNAPPING
7670,472,PUBLIC INTOXICATION
7671,472,ROBBERY
7672,472,SEXUAL ASSAULT
7673,472,SHOPLIFTING
7674,472,TRAFFIC VIOLATION
7675,472,VANDALISM
7676,472,VEHICLE - STOLEN
7677,473,ARSON
7678,473,ASSAULT
7679,473,BURGLARY
7680,473,COUNTERFEITING
7681,473,CYBERCRIME
7682,473,DOMESTIC VIOLENCE
7683,473,DRUG OFFENSE
7684,473,FIREARM OFFENSE
7685,473,FRAUD
7686,473,HOMICIDE
7687,473,IDENTITY THEFT
7688,473,ILLEGAL POSSESSION
7689,473,KIDNAPPING
7690,473,PUBLIC INTOXICATION
7691,473,ROBBERY
7692,473,SEXUAL ASSAULT
7693,473,SHOPLIFTING
7694,473,TRAFFIC VIOLATION
7695,473,VANDALISM
7696,473,VEHICLE - STOLEN
7697,474,ARSON
7698,474,ASSAULT
7699,474,BURGLARY
7700,474,COUNTERFEITING
7701,474,CYBERCRIME
7702,474,DOMESTIC VIOLENCE
7703,474,DRUG OFFENSE
7704,474,EXTORTION
7705,474,FIREARM OFFENSE
7706,474,FRAUD
7707,474,HOMICIDE
7708,474,IDENTITY THEFT
7709,474,ILLEGAL POSSESSION
7710,474,KIDNAPPING
7711,474,PUBLIC INTOXICATION
7712,474,ROBBERY
7713,474,SEXUAL ASSAULT
7714,474,SHOPLIFTING
7715,474,TRAFFIC VIOLATION
7716,474,VANDALISM
7717,474,VEHICLE - STOLEN
7718,475,ARSON
7719,475,ASSAULT
7720,475,BURGLARY
7721,475,COUNTERFEITING
7722,475,CYBERCRIME
7723,475,DRUG OFFENSE
7724,475,EXTORTION
7725,475,FIREARM OFFENSE
7726,475,FRAUD
7727,475,HOMICIDE
7728,475,IDENTITY THEFT
7729,475,ILLEGAL POSSESSION
7730,475,KIDNAPPING
7731,475,PUBLIC INTOXICATION
7732,475,SEXUAL ASSAULT
7733,475,SHOPLIFTING
7734,475,TRAFFIC VIOLATION
7735,475,VANDALISM
7736,475,VEHICLE - STOLEN
7737,476,ARSON
7738,476,ASSAULT
7739,476,BURGLARY
7740,476,COUNTERFEITING
7741,476,CYBERCRIME
7742,476,DOMESTIC VIOLENCE
7743,476,DRUG OFFENSE
7744,476,EXTORTION
7745,476,FIREARM OFFENSE
7746,476,FRAUD
7747,476,HOMICIDE
7748,476,IDENTITY THEFT
7749,476,ILLEGAL POSSESSION
7750,476,KIDNAPPING
7751,476,PUBLIC INTOXICATION
7752,476,ROBBERY
7753,476,SEXUAL ASSAULT
7754,476,SHOPLIFTING
7755,476,TRAFFIC VIOLATION
7756,476,VANDALISM
7757,476,VEHICLE - STOLEN
7758,477,ARSON
7759,477,ASSAULT
7760,477,BURGLARY
7761,477,COUNTERFEITING
7762,477,CYBERCRIME
7763,477,DOMESTIC VIOLENCE
7764,477,DRUG OFFENSE
7765,477,EXTORTION
7766,477,FIREARM OFFENSE
7767,477,FRAUD
7768,477,HOMICIDE
7769,477,IDENTITY THEFT
7770,477,ILLEGAL POSSESSION
7771,477,KIDNAPPING
7772,477,PUBLIC INTOXICATION
7773,477,ROBBERY
7774,477,SEXUAL ASSAULT
7775,477,TRAFFIC VIOLATION
7776,477,VANDALISM
7777,477,VEHICLE - STOLEN
7778,478,ARSON
7779,478,ASSAULT
7780,478,BURGLARY
7781,478,COUNTERFEITING
7782,478,CYBERCRIME
7783,478,DOMESTIC VIOLENCE
7784,478,DRUG OFFENSE
7785,478,FIREARM OFFENSE
7786,478,FRAUD
7787,478,HOMICIDE
7788,478,IDENTITY THEFT
7789,478,ILLEGAL POSSESSION
7790,478,KIDNAPPING
7791,478,PUBLIC INTOXICATION
7792,478,ROBBERY
7793,478,SEXUAL ASSAULT
7794,478,SHOPLIFTING
7795,478,TRAFFIC VIOLATION
7796,478,VANDALISM
7797,478,VEHICLE - STOLEN
7798,479,ARSON
7799,479,ASSAULT
7800,479,BURGLARY
7801,479,COUNTERFEITING
7802,479,CYBERCRIME
7803,479,DOMESTIC VIOLENCE
7804,479,DRUG OFFENSE
7805,479,EXTORTION
7806,479,FIREARM OFFENSE
7807,479,FRAUD
7808,479,HOMICIDE
7809,479,IDENTITY THEFT
7810,479,ILLEGAL POSSESSION
7811,479,KIDNAPPING
7812,479,PUBLIC INTOXICATION
7813,479,ROBBERY
7814,479,SEXUAL ASSAULT
7815,479,SHOPLIFTING
7816,479,TRAFFIC VIOLATION
7817,479,VANDALISM
7818,479,VEHICLE - STOLEN
7819,480,ARSON
7820,480,ASSAULT
7821,480,BURGLARY
7822,480,COUNTERFEITING
7823,480,CYBERCRIME
7824,480,DOMESTIC VIOLENCE
7825,480,DRUG OFFENSE
7826,480,EXTORTION
7827,480,FIREARM OFFENSE
7828,480,FRAUD
7829,480,HOMICIDE
7830,480,IDENTITY THEFT
7831,480,ILLEGAL POSSESSION
7832,480,KIDNAPPING
7833,480,PUBLIC INTOXICATION
7834,480,ROBBERY
7835,480,SEXUAL ASSAULT
7836,480,SHOPLIFTING
7837,480,TRAFFIC VIOLATION
7838,480,VANDALISM
7839,480,VEHICLE - STOLEN
7840,481,ARSON
7841,481,ASSAULT
7842,481,BURGLARY
7843,481,COUNTERFEITING
7844,481,CYBERCRIME
7845,481,DOMESTIC VIOLENCE
7846,481,DRUG OFFENSE
7847,481,EXTORTION
7848,481,FIREARM OFFENSE
7849,481,FRAUD
7850,481,HOMICIDE
7851,481,IDENTITY THEFT
7852,481,ILLEGAL POSSESSION
7853,481,KIDNAPPING
7854,481,PUBLIC INTOXICATION
7855,481,ROBBERY
7856,481,SEXUAL ASSAULT
7857,481,SHOPLIFTING
7858,481,TRAFFIC VIOLATION
7859,481,VANDALISM
7860,481,VEHICLE - STOLEN
7861,482,ARSON
7862,482,ASSAULT
7863,482,BURGLARY
7864,482,COUNTERFEITING
7865,482,CYBERCRIME
7866,482,DOMESTIC VIOLENCE
7867,482,DRUG OFFENSE
7868,482,EXTORTION
7869,482,FIREARM OFFENSE
7870,482,FRAUD
7871,482,HOMICIDE
7872,482,IDENTITY THEFT
7873,482,ILLEGAL POSSESSION
7874,482,KIDNAPPING
7875,482,PUBLIC INTOXICATION
7876,482,ROBBERY
7877,482,SEXUAL ASSAULT
7878,482,SHOPLIFTING
7879,482,TRAFFIC VIOLATION
7880,482,VANDALISM
7881,482,VEHICLE - STOLEN
7882,483,ARSON
7883,483,ASSAULT
7884,483,BURGLARY
7885,483,COUNTERFEITING
7886,483,CYBERCRIME
7887,483,DOMESTIC VIOLENCE
7888,483,DRUG OFFENSE
7889,483,EXTORTION
7890,483,FIREARM OFFENSE
7891,483,FRAUD
7892,483,HOMICIDE
7893,483,IDENTITY THEFT
7894,483,ILLEGAL POSSESSION
7895,483,KIDNAPPING
7896,483,PUBLIC INTOXICATION
7897,483,ROBBERY
7898,483,SEXUAL ASSAULT
7899,483,SHOPLIFTING
7900,483,TRAFFIC VIOLATION
7901,483,VANDALISM
7902,483,VEHICLE - STOLEN
7903,484,ARSON
7904,484,ASSAULT
7905,484,BURGLARY
7906,484,COUNTERFEITING
7907,484,CYBERCRIME
7908,484,DOMESTIC VIOLENCE
7909,484,DRUG OFFENSE
7910,484,EXTORTION
7911,484,FIREARM OFFENSE
7912,484,FRAUD
7913,484,HOMICIDE
7914,484,IDENTITY THEFT
7915,484,ILLEGAL POSSESSION
7916,484,KIDNAPPING
7917,484,PUBLIC INTOXICATION
7918,484,ROBBERY
7919,484,SEXUAL ASSAULT
7920,484,SHOPLIFTING
7921,484,TRAFFIC VIOLATION
7922,484,VANDALISM
7923,484,VEHICLE - STOLEN
7924,485,ARSON
7925,485,ASSAULT
7926,485,BURGLARY
7927,485,COUNTERFEITING
7928,485,CYBERCRIME
7929,485,DOMESTIC VIOLENCE
7930,485,DRUG OFFENSE
7931,485,EXTORTION
7932,485,FIREARM OFFENSE
7933,485,FRAUD
7934,485,HOMICIDE
7935,485,IDENTITY THEFT
7936,485,ILLEGAL POSSESSION
7937,485,KIDNAPPING
7938,485,PUBLIC INTOXICATION
7939,485,ROBBERY
7940,485,SEXUAL ASSAULT
7941,485,SHOPLIFTING
7942,485,TRAFFIC VIOLATION
7943,485,VANDALISM
7944,485,VEHICLE - STOLEN
7945,486,ARSON
7946,486,ASSAULT
7947,486,BURGLARY
7948,486,COUNTERFEITING
7949,486,CYBERCRIME
7950,486,DOMESTIC VIOLENCE
7951,486,DRUG OFFENSE
7952,486,EXTORTION
7953,486,FIREARM OFFENSE
7954,486,FRAUD
7955,486,HOMICIDE
7956,486,IDENTITY THEFT
7957,486,ILLEGAL POSSESSION
7958,486,KIDNAPPING
7959,486,PUBLIC INTOXICATION
7960,486,ROBBERY
7961,486,SEXUAL ASSAULT
7962,486,SHOPLIFTING
7963,486,TRAFFIC VIOLATION
7964,486,VANDALISM
7965,486,VEHICLE - STOLEN
7966,487,ARSON
7967,487,ASSAULT
7968,487,BURGLARY
7969,487,COUNTERFEITING
7970,487,CYBERCRIME
7971,487,DOMESTIC VIOLENCE
7972,487,DRUG OFFENSE
7973,487,EXTORTION
7974,487,FIREARM OFFENSE
7975,487,FRAUD
7976,487,HOMICIDE
7977,487,IDENTITY THEFT
7978,487,ILLEGAL POSSESSION
7979,487,KIDNAPPING
7980,487,PUBLIC INTOXICATION
7981,487,ROBBERY
7982,487,SEXUAL ASSAULT
7983,487,SHOPLIFTING
7984,487,TRAFFIC VIOLATION
7985,487,VANDALISM
7986,487,VEHICLE - STOLEN
7987,488,ARSON
7988,488,ASSAULT
7989,488,BURGLARY
7990,488,COUNTERFEITING
7991,488,CYBERCRIME
7992,488,DOMESTIC VIOLENCE
7993,488,DRUG OFFENSE
7994,488,EXTORTION
7995,488,FIREARM OFFENSE
7996,488,FRAUD
7997,488,HOMICIDE
7998,488,IDENTITY THEFT
7999,488,ILLEGAL POSSESSION
8000,488,KIDNAPPING
8001,488,PUBLIC INTOXICATION
8002,488,ROBBERY
8003,488,SHOPLIFTING
8004,488,TRAFFIC VIOLATION
8005,488,VANDALISM
8006,488,VEHICLE - STOLEN
8007,489,ARSON
8008,489,ASSAULT
8009,489,BURGLARY
8010,489,COUNTERFEITING
8011,489,CYBERCRIME
8012,489,DOMESTIC VIOLENCE
8013,489,EXTORTION
8014,489,FIREARM OFFENSE
8015,489,FRAUD
8016,489,HOMICIDE
8017,489,IDENTITY THEFT
8018,489,ILLEGAL POSSESSION
8019,489,KIDNAPPING
8020,489,PUBLIC INTOXICATION
8021,489,ROBBERY
8022,489,SEXUAL ASSAULT
8023,489,TRAFFIC VIOLATION
8024,489,VANDALISM
8025,489,VEHICLE - STOLEN
8026,490,ARSON
8027,490,ASSAULT
8028,490,BURGLARY
8029,490,CYBERCRIME
8030,490,DOMESTIC VIOLENCE
8031,490,DRUG OFFENSE
8032,490,EXTORTION
8033,490,FIREARM OFFENSE
8034,490,FRAUD
8035,490,HOMICIDE
8036,490,IDENTITY THEFT
8037,490,ILLEGAL POSSESSION
8038,490,KIDNAPPING
8039,490,PUBLIC INTOXICATION
8040,490,ROBBERY
8041,490,SEXUAL ASSAULT
8042,490,SHOPLIFTING
8043,490,TRAFFIC VIOLATION
8044,490,VANDALISM
8045,490,VEHICLE - STOLEN
8046,491,ARSON
8047,491,ASSAULT
8048,491,BURGLARY
8049,491,COUNTERFEITING
8050,491,CYBERCRIME
8051,491,DOMESTIC VIOLENCE
8052,491,DRUG OFFENSE
8053,491,EXTORTION
8054,491,FIREARM OFFENSE
8055,491,FRAUD
8056,491,HOMICIDE
8057,491,IDENTITY THEFT
8058,491,ILLEGAL POSSESSION
8059,491,KIDNAPPING
8060,491,PUBLIC INTOXICATION
8061,491,ROBBERY
8062,491,SEXUAL ASSAULT
8063,491,SHOPLIFTING
8064,491,TRAFFIC VIOLATION
8065,491,VANDALISM
8066,491,VEHICLE - STOLEN
8067,492,ARSON
8068,492,ASSAULT
8069,492,BURGLARY
8070,492,COUNTERFEITING
8071,492,CYBERCRIME
8072,492,DOMESTIC VIOLENCE
8073,492,EXTORTION
8074,492,FIREARM OFFENSE
8075,492,FRAUD
8076,492,HOMICIDE
8077,492,IDENTITY THEFT
8078,492,ILLEGAL POSSESSION
8079,492,KIDNAPPING
8080,492,PUBLIC INTOXICATION
8081,492,ROBBERY
8082,492,SEXUAL ASSAULT
8083,492,SHOPLIFTING
8084,492,TRAFFIC VIOLATION
8085,492,VANDALISM
8086,492,VEHICLE - STOLEN
8087,493,ARSON
8088,493,ASSAULT
8089,493,BURGLARY
8090,493,COUNTERFEITING
8091,493,CYBERCRIME
8092,493,DOMESTIC VIOLENCE
8093,493,DRUG OFFENSE
8094,493,EXTORTION
8095,493,FIREARM OFFENSE
8096,493,FRAUD
8097,493,HOMICIDE
8098,493,IDENTITY THEFT
8099,493,ILLEGAL POSSESSION
8100,493,KIDNAPPING
8101,493,PUBLIC INTOXICATION
8102,493,ROBBERY
8103,493,SEXUAL ASSAULT
8104,493,SHOPLIFTING
8105,493,TRAFFIC VIOLATION
8106,493,VANDALISM
8107,493,VEHICLE - STOLEN
8108,494,ARSON
8109,494,ASSAULT
8110,494,BURGLARY
8111,494,COUNTERFEITING
8112,494,CYBERCRIME
8113,494,DOMESTIC VIOLENCE
8114,494,DRUG OFFENSE
8115,494,EXTORTION
8116,494,FIREARM OFFENSE
8117,494,FRAUD
8118,494,HOMICIDE
8119,494,IDENTITY THEFT
8120,494,ILLEGAL POSSESSION
8121,494,KIDNAPPING
8122,494,PUBLIC INTOXICATION
8123,494,ROBBERY
8124,494,SEXUAL ASSAULT
8125,494,SHOPLIFTING
8126,494,TRAFFIC VIOLATION
8127,494,VANDALISM
8128,494,VEHICLE - STOLEN
8129,495,ARSON
8130,495,ASSAULT
8131,495,BURGLARY
8132,495,CYBERCRIME
8133,495,DOMESTIC VIOLENCE
8134,495,DRUG OFFENSE
8135,495,EXTORTION
8136,495,FIREARM OFFENSE
8137,495,FRAUD
8138,495,HOMICIDE
8139,495,IDENTITY THEFT
8140,495,ILLEGAL POSSESSION
8141,495,KIDNAPPING
8142,495,PUBLIC INTOXICATION
8143,495,ROBBERY
8144,495,SEXUAL ASSAULT
8145,495,SHOPLIFTING
8146,495,TRAFFIC VIOLATION
8147,495,VANDALISM
8148,495,VEHICLE - STOLEN
8149,496,ARSON
8150,496,ASSAULT
8151,496,BURGLARY
8152,496,COUNTERFEITING
8153,496,CYBERCRIME
8154,496,DOMESTIC VIOLENCE
8155,496,DRUG OFFENSE
8156,496,EXTORTION
8157,496,FIREARM OFFENSE
8158,496,FRAUD
8159,496,HOMICIDE
8160,496,IDENTITY THEFT
8161,496,ILLEGAL POSSESSION
8162,496,KIDNAPPING
8163,496,PUBLIC INTOXICATION
8164,496,ROBBERY
8165,496,SEXUAL ASSAULT
8166,496,SHOPLIFTING
8167,496,TRAFFIC VIOLATION
8168,496,VANDALISM
8169,496,VEHICLE - STOLEN
8170,497,ARSON
8171,497,ASSAULT
8172,497,BURGLARY
8173,497,COUNTERFEITING
8174,497,CYBERCRIME
8175,497,DOMESTIC VIOLENCE
8176,497,DRUG OFFENSE
8177,497,EXTORTION
8178,497,FIREARM OFFENSE
8179,497,FRAUD
8180,497,HOMICIDE
8181,497,IDENTITY THEFT
8182,497,ILLEGAL POSSESSION
8183,497,PUBLIC INTOXICATION
8184,497,ROBBERY
8185,497,SEXUAL ASSAULT
8186,497,SHOPLIFTING
8187,497,TRAFFIC VIOLATION
8188,497,VANDALISM
8189,497,VEHICLE - STOLEN
8190,498,ARSON
8191,498,ASSAULT
8192,498,BURGLARY
8193,498,COUNTERFEITING
8194,498,CYBERCRIME
8195,498,DOMESTIC VIOLENCE
8196,498,DRUG OFFENSE
8197,498,EXTORTION
8198,498,FIREARM OFFENSE
8199,498,FRAUD
8200,498,HOMICIDE
8201,498,IDENTITY THEFT
8202,498,ILLEGAL POSSESSION
8203,498,KIDNAPPING
8204,498,PUBLIC INTOXICATION
8205,498,ROBBERY
8206,498,SEXUAL ASSAULT
8207,498,SHOPLIFTING
8208,498,TRAFFIC VIOLATION
8209,498,VANDALISM
8210,498,VEHICLE - STOLEN
8211,499,ARSON
8212,499,ASSAULT
8213,499,BURGLARY
8214,499,COUNTERFEITING
8215,499,CYBERCRIME
8216,499,DOMESTIC VIOLENCE
8217,499,EXTORTION
8218,499,FIREARM OFFENSE
8219,499,FRAUD
8220,499,HOMICIDE
8221,499,IDENTITY THEFT
8222,499,ILLEGAL POSSESSION
8223,499,KIDNAPPING
8224,499,PUBLIC INTOXICATION
8225,499,ROBBERY
8226,499,SEXUAL ASSAULT
8227,499,SHOPLIFTING
8228,499,TRAFFIC VIOLATION
8229,499,VANDALISM
8230,499,VEHICLE - STOLEN
8231,500,ARSON
8232,500,ASSAULT
8233,500,COUNTERFEITING
8234,500,CYBERCRIME
8235,500,DOMESTIC VIOLENCE
8236,500,DRUG OFFENSE
8237,500,EXTORTION
8238,500,FIREARM OFFENSE
8239,500,FRAUD
8240,500,HOMICIDE
8241,500,IDENTITY THEFT
8242,500,ILLEGAL POSSESSION
8243,500,KIDNAPPING
8244,500,PUBLIC INTOXICATION
8245,500,ROBBERY
8246,500,SEXUAL ASSAULT
8247,500,SHOPLIFTING
8248,500,TRAFFIC VIOLATION
8249,500,VANDALISM
8250,500,VEHICLE - STOLEN
8251,501,ARSON
8252,501,ASSAULT
8253,501,BURGLARY
8254,501,COUNTERFEITING
8255,501,CYBERCRIME
8256,501,DOMESTIC VIOLENCE
8257,501,DRUG OFFENSE
8258,501,EXTORTION
8259,501,FIREARM OFFENSE
8260,501,FRAUD
8261,501,HOMICIDE
8262,501,IDENTITY THEFT
8263,501,ILLEGAL POSSESSION
8264,501,KIDNAPPING
8265,501,PUBLIC INTOXICATION
8266,501,ROBBERY
8267,501,SEXUAL ASSAULT
8268,501,SHOPLIFTING
8269,501,TRAFFIC VIOLATION
8270,501,VANDALISM
8271,501,VEHICLE - STOLEN
8272,502,ARSON
8273,502,ASSAULT
8274,502,BURGLARY
8275,502,COUNTERFEITING
8276,502,CYBERCRIME
8277,502,DOMESTIC VIOLENCE
8278,502,DRUG OFFENSE
8279,502,EXTORTION
8280,502,FIREARM OFFENSE
8281,502,FRAUD
8282,502,HOMICIDE
8283,502,IDENTITY THEFT
8284,502,ILLEGAL POSSESSION
8285,502,KIDNAPPING
8286,502,PUBLIC INTOXICATION
8287,502,ROBBERY
8288,502,SEXUAL ASSAULT
8289,502,SHOPLIFTING
8290,502,TRAFFIC VIOLATION
8291,502,VANDALISM
8292,502,VEHICLE - STOLEN
8293,503,ARSON
8294,503,ASSAULT
8295,503,BURGLARY
8296,503,COUNTERFEITING
8297,503,CYBERCRIME
8298,503,DOMESTIC VIOLENCE
8299,503,DRUG OFFENSE
8300,503,EXTORTION
8301,503,FIREARM OFFENSE
8302,503,FRAUD
8303,503,HOMICIDE
8304,503,IDENTITY THEFT
8305,503,ILLEGAL POSSESSION
8306,503,KIDNAPPING
8307,503,PUBLIC INTOXICATION
8308,503,ROBBERY
8309,503,SEXUAL ASSAULT
8310,503,SHOPLIFTING
8311,503,TRAFFIC VIOLATION
8312,503,VANDALISM
8313,503,VEHICLE - STOLEN
8314,504,ARSON
8315,504,ASSAULT
8316,504,BURGLARY
8317,504,COUNTERFEITING
8318,504,CYBERCRIME
8319,504,DOMESTIC VIOLENCE
8320,504,DRUG OFFENSE
8321,504,EXTORTION
8322,504,FIREARM OFFENSE
8323,504,FRAUD
8324,504,HOMICIDE
8325,504,IDENTITY THEFT
8326,504,KIDNAPPING
8327,504,PUBLIC INTOXICATION
8328,504,ROBBERY
8329,504,SEXUAL ASSAULT
8330,504,SHOPLIFTING
8331,504,TRAFFIC VIOLATION
8332,504,VANDALISM
8333,504,VEHICLE - STOLEN
8334,505,ARSON
8335,505,ASSAULT
8336,505,BURGLARY
8337,505,COUNTERFEITING
8338,505,CYBERCRIME
8339,505,DOMESTIC VIOLENCE
8340,505,DRUG OFFENSE
8341,505,EXTORTION
8342,505,FIREARM OFFENSE
8343,505,FRAUD
8344,505,HOMICIDE
8345,505,IDENTITY THEFT
8346,505,ILLEGAL POSSESSION
8347,505,KIDNAPPING
8348,505,PUBLIC INTOXICATION
8349,505,ROBBERY
8350,505,SEXUAL ASSAULT
8351,505,SHOPLIFTING
8352,505,TRAFFIC VIOLATION
8353,505,VANDALISM
8354,505,VEHICLE - STOLEN
8355,506,ARSON
8356,506,ASSAULT
8357,506,BURGLARY
8358,506,COUNTERFEITING
8359,506,CYBERCRIME
8360,506,DOMESTIC VIOLENCE
8361,506,DRUG OFFENSE
8362,506,EXTORTION
8363,506,FIREARM OFFENSE
8364,506,FRAUD
8365,506,HOMICIDE
8366,506,IDENTITY THEFT
8367,506,ILLEGAL POSSESSION
8368,506,KIDNAPPING
8369,506,PUBLIC INTOXICATION
8370,506,ROBBERY
8371,506,SEXUAL ASSAULT
8372,506,SHOPLIFTING
8373,506,TRAFFIC VIOLATION
8374,506,VANDALISM
8375,506,VEHICLE - STOLEN
8376,507,ARSON
8377,507,ASSAULT
8378,507,BURGLARY
8379,507,COUNTERFEITING
8380,507,CYBERCRIME
8381,507,DOMESTIC VIOLENCE
8382,507,DRUG OFFENSE
8383,507,EXTORTION
8384,507,FIREARM OFFENSE
8385,507,FRAUD
8386,507,HOMICIDE
8387,507,IDENTITY THEFT
8388,507,ILLEGAL POSSESSION
8389,507,KIDNAPPING
8390,507,PUBLIC INTOXICATION
8391,507,ROBBERY
8392,507,SEXUAL ASSAULT
8393,507,SHOPLIFTING
8394,507,TRAFFIC VIOLATION
8395,507,VANDALISM
8396,507,VEHICLE - STOLEN
8397,508,ARSON
8398,508,ASSAULT
8399,508,BURGLARY
8400,508,COUNTERFEITING
8401,508,CYBERCRIME
8402,508,DOMESTIC VIOLENCE
8403,508,DRUG OFFENSE
8404,508,EXTORTION
8405,508,FIREARM OFFENSE
8406,508,FRAUD
8407,508,HOMICIDE
8408,508,IDENTITY THEFT
8409,508,ILLEGAL POSSESSION
8410,508,KIDNAPPING
8411,508,PUBLIC INTOXICATION
8412,508,ROBBERY
8413,508,SEXUAL ASSAULT
8414,508,SHOPLIFTING
8415,508,TRAFFIC VIOLATION
8416,508,VANDALISM
8417,509,ARSON
8418,509,ASSAULT
8419,509,BURGLARY
8420,509,COUNTERFEITING
8421,509,CYBERCRIME
8422,509,DOMESTIC VIOLENCE
8423,509,DRUG OFFENSE
8424,509,EXTORTION
8425,509,FIREARM OFFENSE
8426,509,FRAUD
8427,509,HOMICIDE
8428,509,IDENTITY THEFT
8429,509,ILLEGAL POSSESSION
8430,509,KIDNAPPING
8431,509,PUBLIC INTOXICATION
8432,509,ROBBERY
8433,509,SEXUAL ASSAULT
8434,509,SHOPLIFTING
8435,509,TRAFFIC VIOLATION
8436,509,VANDALISM
8437,509,VEHICLE - STOLEN
8438,510,ASSAULT
8439,510,BURGLARY
8440,510,COUNTERFEITING
8441,510,CYBERCRIME
8442,510,DOMESTIC VIOLENCE
8443,510,DRUG OFFENSE
8444,510,EXTORTION
8445,510,FIREARM OFFENSE
8446,510,FRAUD
8447,510,HOMICIDE
8448,510,IDENTITY THEFT
8449,510,ILLEGAL POSSESSION
8450,510,KIDNAPPING
8451,510,PUBLIC INTOXICATION
8452,510,ROBBERY
8453,510,SEXUAL ASSAULT
8454,510,SHOPLIFTING
8455,510,TRAFFIC VIOLATION
8456,510,VANDALISM
8457,510,VEHICLE - STOLEN
8458,511,ASSAULT
8459,511,BURGLARY
8460,511,COUNTERFEITING
8461,511,CYBERCRIME
8462,511,DOMESTIC VIOLENCE
8463,511,DRUG OFFENSE
8464,511,EXTORTION
8465,511,FIREARM OFFENSE
8466,511,FRAUD
8467,511,HOMICIDE
8468,511,IDENTITY THEFT
8469,511,ILLEGAL POSSESSION
8470,511,KIDNAPPING
8471,511,PUBLIC INTOXICATION
8472,511,ROBBERY
8473,511,SEXUAL ASSAULT
8474,511,SHOPLIFTING
8475,511,VANDALISM
8476,511,VEHICLE - STOLEN
8477,512,ARSON
8478,512,ASSAULT
8479,512,BURGLARY
8480,512,COUNTERFEITING
8481,512,CYBERCRIME
8482,512,DOMESTIC VIOLENCE
8483,512,DRUG OFFENSE
8484,512,EXTORTION
8485,512,FIREARM OFFENSE
8486,512,FRAUD
8487,512,HOMICIDE
8488,512,IDENTITY THEFT
8489,512,ILLEGAL POSSESSION
8490,512,KIDNAPPING
8491,512,PUBLIC INTOXICATION
8492,512,ROBBERY
8493,512,SEXUAL ASSAULT
8494,512,SHOPLIFTING
8495,512,TRAFFIC VIOLATION
8496,512,VANDALISM
8497,512,VEHICLE - STOLEN
8498,513,ARSON
8499,513,ASSAULT
8500,513,BURGLARY
8501,513,COUNTERFEITING
8502,513,CYBERCRIME
8503,513,DOMESTIC VIOLENCE
8504,513,DRUG OFFENSE
8505,513,EXTORTION
8506,513,FIREARM OFFENSE
8507,513,FRAUD
8508,513,HOMICIDE
8509,513,IDENTITY THEFT
8510,513,ILLEGAL POSSESSION
8511,513,KIDNAPPING
8512,513,PUBLIC INTOXICATION
8513,513,ROBBERY
8514,513,SEXUAL ASSAULT
8515,513,SHOPLIFTING
8516,513,TRAFFIC VIOLATION
8517,513,VANDALISM
8518,513,VEHICLE - STOLEN
8519,514,ARSON
8520,514,ASSAULT
8521,514,BURGLARY
8522,514,COUNTERFEITING
8523,514,CYBERCRIME
8524,514,DOMESTIC VIOLENCE
8525,514,DRUG OFFENSE
8526,514,EXTORTION
8527,514,FIREARM OFFENSE
8528,514,FRAUD
8529,514,HOMICIDE
8530,514,IDENTITY THEFT
8531,514,ILLEGAL POSSESSION
8532,514,KIDNAPPING
8533,514,PUBLIC INTOXICATION
8534,514,ROBBERY
8535,514,SEXUAL ASSAULT
8536,514,SHOPLIFTING
8537,514,TRAFFIC VIOLATION
8538,514,VANDALISM
8539,514,VEHICLE - STOLEN
8540,515,ARSON
8541,515,ASSAULT
8542,515,BURGLARY
8543,515,COUNTERFEITING
8544,515,CYBERCRIME
8545,515,DOMESTIC VIOLENCE
8546,515,DRUG OFFENSE
8547,515,EXTORTION
8548,515,FIREARM OFFENSE
8549,515,FRAUD
8550,515,HOMICIDE
8551,515,IDENTITY THEFT
8552,515,ILLEGAL POSSESSION
8553,515,KIDNAPPING
8554,515,PUBLIC INTOXICATION
8555,515,ROBBERY
8556,515,SEXUAL ASSAULT
8557,515,SHOPLIFTING
8558,515,TRAFFIC VIOLATION
8559,515,VANDALISM
8560,515,VEHICLE - STOLEN
8561,516,ARSON
8562,516,ASSAULT
8563,516,BURGLARY
8564,516,COUNTERFEITING
8565,516,CYBERCRIME
8566,516,DOMESTIC VIOLENCE
8567,516,DRUG OFFENSE
8568,516,EXTORTION
8569,516,FIREARM OFFENSE
8570,516,FRAUD
8571,516,HOMICIDE
8572,516,IDENTITY THEFT
8573,516,ILLEGAL POSSESSION
8574,516,KIDNAPPING
8575,516,PUBLIC INTOXICATION
8576,516,ROBBERY
8577,516,SEXUAL ASSAULT
8578,516,SHOPLIFTING
8579,516,TRAFFIC VIOLATION
8580,516,VANDALISM
8581,516,VEHICLE - STOLEN
8582,517,ARSON
8583,517,ASSAULT
8584,517,BURGLARY
8585,517,COUNTERFEITING
8586,517,CYBERCRIME
8587,517,DRUG OFFENSE
8588,517,EXTORTION
8589,517,FIREARM OFFENSE
8590,517,FRAUD
8591,517,HOMICIDE
8592,517,IDENTITY THEFT
8593,517,ILLEGAL POSSESSION
8594,517,KIDNAPPING
8595,517,PUBLIC INTOXICATION
8596,517,ROBBERY
8597,517,SEXUAL ASSAULT
8598,517,SHOPLIFTING
8599,517,TRAFFIC VIOLATION
8600,517,VANDALISM
8601,517,VEHICLE - STOLEN
8602,518,ARSON
8603,518,ASSAULT
8604,518,BURGLARY
8605,518,COUNTERFEITING
8606,518,CYBERCRIME
8607,518,DOMESTIC VIOLENCE
8608,518,DRUG OFFENSE
8609,518,FIREARM OFFENSE
8610,518,FRAUD
8611,518,HOMICIDE
8612,518,IDENTITY THEFT
8613,518,ILLEGAL POSSESSION
8614,518,KIDNAPPING
8615,518,PUBLIC INTOXICATION
8616,518,ROBBERY
8617,518,SEXUAL ASSAULT
8618,518,SHOPLIFTING
8619,518,TRAFFIC VIOLATION
8620,518,VANDALISM
8621,518,VEHICLE - STOLEN
8622,519,ARSON
8623,519,ASSAULT
8624,519,BURGLARY
8625,519,COUNTERFEITING
8626,519,CYBERCRIME
8627,519,DOMESTIC VIOLENCE
8628,519,DRUG OFFENSE
8629,519,EXTORTION
8630,519,FIREARM OFFENSE
8631,519,FRAUD
8632,519,HOMICIDE
8633,519,IDENTITY THEFT
8634,519,ILLEGAL POSSESSION
8635,519,KIDNAPPING
8636,519,PUBLIC INTOXICATION
8637,519,ROBBERY
8638,519,SEXUAL ASSAULT
8639,519,SHOPLIFTING
8640,519,TRAFFIC VIOLATION
8641,519,VANDALISM
8642,519,VEHICLE - STOLEN
8643,520,ARSON
8644,520,ASSAULT
8645,520,BURGLARY
8646,520,COUNTERFEITING
8647,520,CYBERCRIME
8648,520,DOMESTIC VIOLENCE
8649,520,DRUG OFFENSE
8650,520,EXTORTION
8651,520,FIREARM OFFENSE
8652,520,FRAUD
8653,520,HOMICIDE
8654,520,IDENTITY THEFT
8655,520,ILLEGAL POSSESSION
8656,520,KIDNAPPING
8657,520,PUBLIC INTOXICATION
8658,520,ROBBERY
8659,520,SEXUAL ASSAULT
8660,520,SHOPLIFTING
8661,520,TRAFFIC VIOLATION
8662,520,VANDALISM
8663,520,VEHICLE - STOLEN
8664,521,ARSON
8665,521,ASSAULT
8666,521,BURGLARY
8667,521,COUNTERFEITING
8668,521,CYBERCRIME
8669,521,DOMESTIC VIOLENCE
8670,521,DRUG OFFENSE
8671,521,EXTORTION
8672,521,FIREARM OFFENSE
8673,521,FRAUD
8674,521,HOMICIDE
8675,521,IDENTITY THEFT
8676,521,ILLEGAL POSSESSION
8677,521,KIDNAPPING
8678,521,PUBLIC INTOXICATION
8679,521,ROBBERY
8680,521,SEXUAL ASSAULT
8681,521,SHOPLIFTING
8682,521,TRAFFIC VIOLATION
8683,521,VANDALISM
8684,521,VEHICLE - STOLEN
8685,522,ARSON
8686,522,ASSAULT
8687,522,BURGLARY
8688,522,COUNTERFEITING
8689,522,CYBERCRIME
8690,522,DOMESTIC VIOLENCE
8691,522,DRUG OFFENSE
8692,522,EXTORTION
8693,522,FIREARM OFFENSE
8694,522,FRAUD
8695,522,HOMICIDE
8696,522,IDENTITY THEFT
8697,522,KIDNAPPING
8698,522,PUBLIC INTOXICATION
8699,522,ROBBERY
8700,522,SEXUAL ASSAULT
8701,522,SHOPLIFTING
8702,522,TRAFFIC VIOLATION
8703,522,VANDALISM
8704,522,VEHICLE - STOLEN
8705,523,ARSON
8706,523,ASSAULT
8707,523,BURGLARY
8708,523,COUNTERFEITING
8709,523,DOMESTIC VIOLENCE
8710,523,DRUG OFFENSE
8711,523,EXTORTION
8712,523,FIREARM OFFENSE
8713,523,FRAUD
8714,523,HOMICIDE
8715,523,IDENTITY THEFT
8716,523,ILLEGAL POSSESSION
8717,523,KIDNAPPING
8718,523,PUBLIC INTOXICATION
8719,523,ROBBERY
8720,523,SEXUAL ASSAULT
8721,523,SHOPLIFTING
8722,523,TRAFFIC VIOLATION
8723,523,VANDALISM
8724,523,VEHICLE - STOLEN
8725,524,ARSON
8726,524,BURGLARY
8727,524,COUNTERFEITING
8728,524,CYBERCRIME
8729,524,DOMESTIC VIOLENCE
8730,524,DRUG OFFENSE
8731,524,EXTORTION
8732,524,FIREARM OFFENSE
8733,524,FRAUD
8734,524,HOMICIDE
8735,524,IDENTITY THEFT
8736,524,ILLEGAL POSSESSION
8737,524,KIDNAPPING
8738,524,PUBLIC INTOXICATION
8739,524,ROBBERY
8740,524,SEXUAL ASSAULT
8741,524,SHOPLIFTING
8742,524,TRAFFIC VIOLATION
8743,524,VANDALISM
8744,524,VEHICLE - STOLEN
8745,525,ARSON
8746,525,ASSAULT
8747,525,BURGLARY
8748,525,COUNTERFEITING
8749,525,CYBERCRIME
8750,525,DOMESTIC VIOLENCE
8751,525,DRUG OFFENSE
8752,525,EXTORTION
8753,525,FIREARM OFFENSE
8754,525,FRAUD
8755,525,HOMICIDE
8756,525,IDENTITY THEFT
8757,525,ILLEGAL POSSESSION
8758,525,KIDNAPPING
8759,525,PUBLIC INTOXICATION
8760,525,ROBBERY
8761,525,SEXUAL ASSAULT
8762,525,SHOPLIFTING
8763,525,TRAFFIC VIOLATION
8764,525,VANDALISM
8765,525,VEHICLE - STOLEN
8766,526,ARSON
8767,526,ASSAULT
8768,526,BURGLARY
8769,526,COUNTERFEITING
8770,526,CYBERCRIME
8771,526,DOMESTIC VIOLENCE
8772,526,EXTORTION
8773,526,FIREARM OFFENSE
8774,526,FRAUD
8775,526,HOMICIDE
8776,526,IDENTITY THEFT
8777,526,KIDNAPPING
8778,526,PUBLIC INTOXICATION
8779,526,ROBBERY
8780,526,SEXUAL ASSAULT
8781,526,SHOPLIFTING
8782,526,TRAFFIC VIOLATION
8783,526,VANDALISM
8784,526,VEHICLE - STOLEN
8785,527,ARSON
8786,527,ASSAULT
8787,527,BURGLARY
8788,527,COUNTERFEITING
8789,527,CYBERCRIME
8790,527,DOMESTIC VIOLENCE
8791,527,DRUG OFFENSE
8792,527,EXTORTION
8793,527,FIREARM OFFENSE
8794,527,FRAUD
8795,527,HOMICIDE
8796,527,IDENTITY THEFT
8797,527,ILLEGAL POSSESSION
8798,527,KIDNAPPING
8799,527,PUBLIC INTOXICATION
8800,527,ROBBERY
8801,527,SEXUAL ASSAULT
8802,527,SHOPLIFTING
8803,527,TRAFFIC VIOLATION
8804,527,VANDALISM
8805,527,VEHICLE - STOLEN
8806,528,ARSON
8807,528,ASSAULT
8808,528,BURGLARY
8809,528,COUNTERFEITING
8810,528,CYBERCRIME
8811,528,DOMESTIC VIOLENCE
8812,528,DRUG OFFENSE
8813,528,EXTORTION
8814,528,FIREARM OFFENSE
8815,528,FRAUD
8816,528,HOMICIDE
8817,528,IDENTITY THEFT
8818,528,ILLEGAL POSSESSION
8819,528,KIDNAPPING
8820,528,PUBLIC INTOXICATION
8821,528,ROBBERY
8822,528,SEXUAL ASSAULT
8823,528,SHOPLIFTING
8824,528,TRAFFIC VIOLATION
8825,528,VANDALISM
8826,528,VEHICLE - STOLEN
8827,529,ARSON
8828,529,ASSAULT
8829,529,BURGLARY
8830,529,COUNTERFEITING
8831,529,CYBERCRIME
8832,529,DRUG OFFENSE
8833,529,EXTORTION
8834,529,FIREARM OFFENSE
8835,529,FRAUD
8836,529,HOMICIDE
8837,529,IDENTITY THEFT
8838,529,ILLEGAL POSSESSION
8839,529,KIDNAPPING
8840,529,PUBLIC INTOXICATION
8841,529,ROBBERY
8842,529,SEXUAL ASSAULT
8843,529,SHOPLIFTING
8844,529,TRAFFIC VIOLATION
8845,529,VANDALISM
8846,529,VEHICLE - STOLEN
8847,530,ARSON
8848,530,ASSAULT
8849,530,BURGLARY
8850,530,COUNTERFEITING
8851,530,CYBERCRIME
8852,530,DOMESTIC VIOLENCE
8853,530,DRUG OFFENSE
8854,530,EXTORTION
8855,530,FIREARM OFFENSE
8856,530,FRAUD
8857,530,HOMICIDE
8858,530,IDENTITY THEFT
8859,530,ILLEGAL POSSESSION
8860,530,KIDNAPPING
8861,530,PUBLIC INTOXICATION
8862,530,ROBBERY
8863,530,SEXUAL ASSAULT
8864,530,SHOPLIFTING
8865,530,TRAFFIC VIOLATION
8866,530,VANDALISM
8867,530,VEHICLE - STOLEN
8868,531,ARSON
8869,531,ASSAULT
8870,531,BURGLARY
8871,531,COUNTERFEITING
8872,531,CYBERCRIME
8873,531,DOMESTIC VIOLENCE
8874,531,DRUG OFFENSE
8875,531,EXTORTION
8876,531,FIREARM OFFENSE
8877,531,FRAUD
8878,531,HOMICIDE
8879,531,IDENTITY THEFT
8880,531,ILLEGAL POSSESSION
8881,531,KIDNAPPING
8882,531,PUBLIC INTOXICATION
8883,531,ROBBERY
8884,531,SEXUAL ASSAULT
8885,531,SHOPLIFTING
8886,531,TRAFFIC VIOLATION
8887,531,VANDALISM
8888,531,VEHICLE - STOLEN
8889,532,ARSON
8890,532,ASSAULT
8891,532,BURGLARY
8892,532,COUNTERFEITING
8893,532,CYBERCRIME
8894,532,DOMESTIC VIOLENCE
8895,532,EXTORTION
8896,532,FIREARM OFFENSE
8897,532,FRAUD
8898,532,HOMICIDE
8899,532,IDENTITY THEFT
8900,532,ILLEGAL POSSESSION
8901,532,KIDNAPPING
8902,532,PUBLIC INTOXICATION
8903,532,ROBBERY
8904,532,SEXUAL ASSAULT
8905,532,SHOPLIFTING
8906,532,TRAFFIC VIOLATION
8907,532,VEHICLE - STOLEN
8908,533,ARSON
8909,533,BURGLARY
8910,533,COUNTERFEITING
8911,533,CYBERCRIME
8912,533,DOMESTIC VIOLENCE
8913,533,DRUG OFFENSE
8914,533,EXTORTION
8915,533,FIREARM OFFENSE
8916,533,FRAUD
8917,533,IDENTITY THEFT
8918,533,ILLEGAL POSSESSION
8919,533,KIDNAPPING
8920,533,PUBLIC INTOXICATION
8921,533,ROBBERY
8922,533,SEXUAL ASSAULT
8923,533,SHOPLIFTING
8924,533,TRAFFIC VIOLATION
8925,533,VANDALISM
8926,533,VEHICLE - STOLEN
8927,534,ARSON
8928,534,ASSAULT
8929,534,BURGLARY
8930,534,COUNTERFEITING
8931,534,CYBERCRIME
8932,534,DOMESTIC VIOLENCE
8933,534,DRUG OFFENSE
8934,534,EXTORTION
8935,534,FIREARM OFFENSE
8936,534,FRAUD
8937,534,HOMICIDE
8938,534,IDENTITY THEFT
8939,534,ILLEGAL POSSESSION
8940,534,KIDNAPPING
8941,534,PUBLIC INTOXICATION
8942,534,ROBBERY
8943,534,SEXUAL ASSAULT
8944,534,SHOPLIFTING
8945,534,TRAFFIC VIOLATION
8946,534,VANDALISM
8947,534,VEHICLE - STOLEN
8948,535,ARSON
8949,535,ASSAULT
8950,535,BURGLARY
8951,535,COUNTERFEITING
8952,535,CYBERCRIME
8953,535,DOMESTIC VIOLENCE
8954,535,DRUG OFFENSE
8955,535,EXTORTION
8956,535,FIREARM OFFENSE
8957,535,FRAUD
8958,535,HOMICIDE
8959,535,IDENTITY THEFT
8960,535,ILLEGAL POSSESSION
8961,535,KIDNAPPING
8962,535,ROBBERY
8963,535,SEXUAL ASSAULT
8964,535,SHOPLIFTING
8965,535,TRAFFIC VIOLATION
8966,535,VANDALISM
8967,535,VEHICLE - STOLEN
8968,536,ARSON
8969,536,ASSAULT
8970,536,BURGLARY
8971,536,COUNTERFEITING
8972,536,CYBERCRIME
8973,536,DOMESTIC VIOLENCE
8974,536,DRUG OFFENSE
8975,536,EXTORTION
8976,536,FIREARM OFFENSE
8977,536,FRAUD
8978,536,HOMICIDE
8979,536,IDENTITY THEFT
8980,536,ILLEGAL POSSESSION
8981,536,KIDNAPPING
8982,536,PUBLIC INTOXICATION
8983,536,ROBBERY
8984,536,SEXUAL ASSAULT
8985,536,TRAFFIC VIOLATION
8986,536,VANDALISM
8987,536,VEHICLE - STOLEN
8988,537,ARSON
8989,537,ASSAULT
8990,537,BURGLARY
8991,537,COUNTERFEITING
8992,537,CYBERCRIME
8993,537,DOMESTIC VIOLENCE
8994,537,DRUG OFFENSE
8995,537,EXTORTION
8996,537,FIREARM OFFENSE
8997,537,FRAUD
8998,537,HOMICIDE
8999,537,IDENTITY THEFT
9000,537,ILLEGAL POSSESSION
9001,537,KIDNAPPING
9002,537,PUBLIC INTOXICATION
9003,537,ROBBERY
9004,537,SEXUAL ASSAULT
9005,537,SHOPLIFTING
9006,537,TRAFFIC VIOLATION
9007,537,VANDALISM
9008,537,VEHICLE - STOLEN
9009,538,ARSON
9010,538,ASSAULT
9011,538,BURGLARY
9012,538,COUNTERFEITING
9013,538,CYBERCRIME
9014,538,DOMESTIC VIOLENCE
9015,538,DRUG OFFENSE
9016,538,EXTORTION
9017,538,FIREARM OFFENSE
9018,538,FRAUD
9019,538,HOMICIDE
9020,538,IDENTITY THEFT
9021,538,ILLEGAL POSSESSION
9022,538,KIDNAPPING
9023,538,PUBLIC INTOXICATION
9024,538,ROBBERY
9025,538,SEXUAL ASSAULT
9026,538,SHOPLIFTING
9027,538,TRAFFIC VIOLATION
9028,538,VANDALISM
9029,538,VEHICLE - STOLEN
9030,539,ARSON
9031,539,ASSAULT
9032,539,BURGLARY
9033,539,COUNTERFEITING
9034,539,CYBERCRIME
9035,539,DOMESTIC VIOLENCE
9036,539,DRUG OFFENSE
9037,539,EXTORTION
9038,539,FIREARM OFFENSE
9039,539,FRAUD
9040,539,HOMICIDE
9041,539,IDENTITY THEFT
9042,539,ILLEGAL POSSESSION
9043,539,KIDNAPPING
9044,539,PUBLIC INTOXICATION
9045,539,ROBBERY
9046,539,SEXUAL ASSAULT
9047,539,SHOPLIFTING
9048,539,TRAFFIC VIOLATION
9049,539,VANDALISM
9050,539,VEHICLE - STOLEN
9051,540,ARSON
9052,540,ASSAULT
9053,540,BURGLARY
9054,540,COUNTERFEITING
9055,540,CYBERCRIME
9056,540,DOMESTIC VIOLENCE
9057,540,DRUG OFFENSE
9058,540,EXTORTION
9059,540,FIREARM OFFENSE
9060,540,FRAUD
9061,540,HOMICIDE
9062,540,IDENTITY THEFT
9063,540,ILLEGAL POSSESSION
9064,540,KIDNAPPING
9065,540,PUBLIC INTOXICATION
9066,540,ROBBERY
9067,540,SEXUAL ASSAULT
9068,540,SHOPLIFTING
9069,540,TRAFFIC VIOLATION
9070,540,VANDALISM
9071,540,VEHICLE - STOLEN
9072,541,ARSON
9073,541,ASSAULT
9074,541,BURGLARY
9075,541,COUNTERFEITING
9076,541,CYBERCRIME
9077,541,DRUG OFFENSE
9078,541,EXTORTION
9079,541,FIREARM OFFENSE
9080,541,FRAUD
9081,541,HOMICIDE
9082,541,IDENTITY THEFT
9083,541,ILLEGAL POSSESSION
9084,541,KIDNAPPING
9085,541,PUBLIC INTOXICATION
9086,541,ROBBERY
9087,541,SEXUAL ASSAULT
9088,541,SHOPLIFTING
9089,541,TRAFFIC VIOLATION
9090,541,VANDALISM
9091,541,VEHICLE - STOLEN
9092,542,ARSON
9093,542,ASSAULT
9094,542,BURGLARY
9095,542,COUNTERFEITING
9096,542,CYBERCRIME
9097,542,DOMESTIC VIOLENCE
9098,542,DRUG OFFENSE
9099,542,EXTORTION
9100,542,FIREARM OFFENSE
9101,542,FRAUD
9102,542,HOMICIDE
9103,542,IDENTITY THEFT
9104,542,ILLEGAL POSSESSION
9105,542,KIDNAPPING
9106,542,PUBLIC INTOXICATION
9107,542,ROBBERY
9108,542,SEXUAL ASSAULT
9109,542,SHOPLIFTING
9110,542,TRAFFIC VIOLATION
9111,542,VANDALISM
9112,543,ARSON
9113,543,ASSAULT
9114,543,BURGLARY
9115,543,COUNTERFEITING
9116,543,CYBERCRIME
9117,543,DOMESTIC VIOLENCE
9118,543,DRUG OFFENSE
9119,543,EXTORTION
9120,543,FIREARM OFFENSE
9121,543,FRAUD
9122,543,HOMICIDE
9123,543,IDENTITY THEFT
9124,543,ILLEGAL POSSESSION
9125,543,KIDNAPPING
9126,543,PUBLIC INTOXICATION
9127,543,ROBBERY
9128,543,SEXUAL ASSAULT
9129,543,SHOPLIFTING
9130,543,TRAFFIC VIOLATION
9131,543,VANDALISM
9132,543,VEHICLE - STOLEN
9133,544,ARSON
9134,544,ASSAULT
9135,544,BURGLARY
9136,544,COUNTERFEITING
9137,544,CYBERCRIME
9138,544,DOMESTIC VIOLENCE
9139,544,DRUG OFFENSE
9140,544,EXTORTION
9141,544,FIREARM OFFENSE
9142,544,FRAUD
9143,544,HOMICIDE
9144,544,IDENTITY THEFT
9145,544,ILLEGAL POSSESSION
9146,544,KIDNAPPING
9147,544,PUBLIC INTOXICATION
9148,544,ROBBERY
9149,544,SEXUAL ASSAULT
9150,544,SHOPLIFTING
9151,544,TRAFFIC VIOLATION
9152,544,VANDALISM
9153,544,VEHICLE - STOLEN
9154,545,ARSON
9155,545,ASSAULT
9156,545,BURGLARY
9157,545,COUNTERFEITING
9158,545,CYBERCRIME
9159,545,DOMESTIC VIOLENCE
9160,545,DRUG OFFENSE
9161,545,EXTORTION
9162,545,FIREARM OFFENSE
9163,545,FRAUD
9164,545,HOMICIDE
9165,545,IDENTITY THEFT
9166,545,ILLEGAL POSSESSION
9167,545,KIDNAPPING
9168,545,PUBLIC INTOXICATION
9169,545,ROBBERY
9170,545,SEXUAL ASSAULT
9171,545,SHOPLIFTING
9172,545,TRAFFIC VIOLATION
9173,545,VANDALISM
9174,545,VEHICLE - STOLEN
9175,546,ARSON
9176,546,ASSAULT
9177,546,BURGLARY
9178,546,COUNTERFEITING
9179,546,CYBERCRIME
9180,546,DOMESTIC VIOLENCE
9181,546,DRUG OFFENSE
9182,546,EXTORTION
9183,546,FIREARM OFFENSE
9184,546,FRAUD
9185,546,HOMICIDE
9186,546,IDENTITY THEFT
9187,546,ILLEGAL POSSESSION
9188,546,KIDNAPPING
9189,546,PUBLIC INTOXICATION
9190,546,ROBBERY
9191,546,SEXUAL ASSAULT
9192,546,SHOPLIFTING
9193,546,TRAFFIC VIOLATION
9194,546,VANDALISM
9195,546,VEHICLE - STOLEN
9196,547,ARSON
9197,547,ASSAULT
9198,547,BURGLARY
9199,547,COUNTERFEITING
9200,547,CYBERCRIME
9201,547,DOMESTIC VIOLENCE
9202,547,DRUG OFFENSE
9203,547,EXTORTION
9204,547,FIREARM OFFENSE
9205,547,FRAUD
9206,547,HOMICIDE
9207,547,IDENTITY THEFT
9208,547,ILLEGAL POSSESSION
9209,547,KIDNAPPING
9210,547,ROBBERY
9211,547,SHOPLIFTING
9212,547,TRAFFIC VIOLATION
9213,547,VANDALISM
9214,547,VEHICLE - STOLEN
9215,548,ARSON
9216,548,ASSAULT
9217,548,BURGLARY
9218,548,COUNTERFEITING
9219,548,CYBERCRIME
9220,548,DOMESTIC VIOLENCE
9221,548,DRUG OFFENSE
9222,548,EXTORTION
9223,548,FIREARM OFFENSE
9224,548,FRAUD
9225,548,HOMICIDE
9226,548,IDENTITY THEFT
9227,548,ILLEGAL POSSESSION
9228,548,KIDNAPPING
9229,548,PUBLIC INTOXICATION
9230,548,ROBBERY
9231,548,SEXUAL ASSAULT
9232,548,SHOPLIFTING
9233,548,TRAFFIC VIOLATION
9234,548,VANDALISM
9235,548,VEHICLE - STOLEN
9236,549,ARSON
9237,549,ASSAULT
9238,549,BURGLARY
9239,549,COUNTERFEITING
9240,549,CYBERCRIME
9241,549,DOMESTIC VIOLENCE
9242,549,DRUG OFFENSE
9243,549,EXTORTION
9244,549,FIREARM OFFENSE
9245,549,FRAUD
9246,549,HOMICIDE
9247,549,IDENTITY THEFT
9248,549,ILLEGAL POSSESSION
9249,549,KIDNAPPING
9250,549,PUBLIC INTOXICATION
9251,549,ROBBERY
9252,549,SEXUAL ASSAULT
9253,549,SHOPLIFTING
9254,549,TRAFFIC VIOLATION
9255,549,VANDALISM
9256,549,VEHICLE - STOLEN
9257,550,ARSON
9258,550,ASSAULT
9259,550,BURGLARY
9260,550,COUNTERFEITING
9261,550,CYBERCRIME
9262,550,DOMESTIC VIOLENCE
9263,550,DRUG OFFENSE
9264,550,EXTORTION
9265,550,FIREARM OFFENSE
9266,550,FRAUD
9267,550,HOMICIDE
9268,550,IDENTITY THEFT
9269,550,ILLEGAL POSSESSION
9270,550,KIDNAPPING
9271,550,PUBLIC INTOXICATION
9272,550,ROBBERY
9273,550,SEXUAL ASSAULT
9274,550,SHOPLIFTING
9275,550,TRAFFIC VIOLATION
9276,550,VANDALISM
9277,550,VEHICLE - STOLEN
9278,551,ARSON
9279,551,ASSAULT
9280,551,BURGLARY
9281,551,COUNTERFEITING
9282,551,CYBERCRIME
9283,551,DOMESTIC VIOLENCE
9284,551,DRUG OFFENSE
9285,551,EXTORTION
9286,551,FIREARM OFFENSE
9287,551,FRAUD
9288,551,HOMICIDE
9289,551,IDENTITY THEFT
9290,551,ILLEGAL POSSESSION
9291,551,KIDNAPPING
9292,551,PUBLIC INTOXICATION
9293,551,ROBBERY
9294,551,SEXUAL ASSAULT
9295,551,SHOPLIFTING
9296,551,TRAFFIC VIOLATION
9297,551,VANDALISM
9298,551,VEHICLE - STOLEN
9299,552,ARSON
9300,552,ASSAULT
9301,552,BURGLARY
9302,552,COUNTERFEITING
9303,552,CYBERCRIME
9304,552,DOMESTIC VIOLENCE
9305,552,DRUG OFFENSE
9306,552,EXTORTION
9307,552,FIREARM OFFENSE
9308,552,FRAUD
9309,552,HOMICIDE
9310,552,IDENTITY THEFT
9311,552,ILLEGAL POSSESSION
9312,552,KIDNAPPING
9313,552,PUBLIC INTOXICATION
9314,552,ROBBERY
9315,552,SEXUAL ASSAULT
9316,552,SHOPLIFTING
9317,552,TRAFFIC VIOLATION
9318,552,VANDALISM
9319,552,VEHICLE - STOLEN
9320,553,ARSON
9321,553,ASSAULT
9322,553,BURGLARY
9323,553,COUNTERFEITING
9324,553,CYBERCRIME
9325,553,DOMESTIC VIOLENCE
9326,553,DRUG OFFENSE
9327,553,EXTORTION
9328,553,FRAUD
9329,553,HOMICIDE
9330,553,IDENTITY THEFT
9331,553,ILLEGAL POSSESSION
9332,553,KIDNAPPING
9333,553,PUBLIC INTOXICATION
9334,553,ROBBERY
9335,553,SEXUAL ASSAULT
9336,553,SHOPLIFTING
9337,553,TRAFFIC VIOLATION
9338,553,VANDALISM
9339,553,VEHICLE - STOLEN
9340,554,ARSON
9341,554,ASSAULT
9342,554,COUNTERFEITING
9343,554,CYBERCRIME
9344,554,DOMESTIC VIOLENCE
9345,554,DRUG OFFENSE
9346,554,EXTORTION
9347,554,FIREARM OFFENSE
9348,554,FRAUD
9349,554,HOMICIDE
9350,554,IDENTITY THEFT
9351,554,ILLEGAL POSSESSION
9352,554,KIDNAPPING
9353,554,PUBLIC INTOXICATION
9354,554,ROBBERY
9355,554,SEXUAL ASSAULT
9356,554,SHOPLIFTING
9357,554,TRAFFIC VIOLATION
9358,554,VANDALISM
9359,554,VEHICLE - STOLEN
9360,555,ARSON
9361,555,ASSAULT
9362,555,BURGLARY
9363,555,COUNTERFEITING
9364,555,CYBERCRIME
9365,555,DOMESTIC VIOLENCE
9366,555,DRUG OFFENSE
9367,555,FIREARM OFFENSE
9368,555,FRAUD
9369,555,HOMICIDE
9370,555,IDENTITY THEFT
9371,555,ILLEGAL POSSESSION
9372,555,KIDNAPPING
9373,555,PUBLIC INTOXICATION
9374,555,ROBBERY
9375,555,SEXUAL ASSAULT
9376,555,SHOPLIFTING
9377,555,TRAFFIC VIOLATION
9378,555,VANDALISM
9379,555,VEHICLE - STOLEN
9380,556,ARSON
9381,556,ASSAULT
9382,556,BURGLARY
9383,556,COUNTERFEITING
9384,556,CYBERCRIME
9385,556,DOMESTIC VIOLENCE
9386,556,DRUG OFFENSE
9387,556,EXTORTION
9388,556,FIREARM OFFENSE
9389,556,FRAUD
9390,556,HOMICIDE
9391,556,IDENTITY THEFT
9392,556,ILLEGAL POSSESSION
9393,556,KIDNAPPING
9394,556,PUBLIC INTOXICATION
9395,556,ROBBERY
9396,556,SEXUAL ASSAULT
9397,556,SHOPLIFTING
9398,556,TRAFFIC VIOLATION
9399,556,VANDALISM
9400,556,VEHICLE - STOLEN
9401,557,ARSON
9402,557,ASSAULT
9403,557,BURGLARY
9404,557,COUNTERFEITING
9405,557,CYBERCRIME
9406,557,DOMESTIC VIOLENCE
9407,557,DRUG OFFENSE
9408,557,EXTORTION
9409,557,FIREARM OFFENSE
9410,557,FRAUD
9411,557,HOMICIDE
9412,557,IDENTITY THEFT
9413,557,ILLEGAL POSSESSION
9414,557,KIDNAPPING
9415,557,PUBLIC INTOXICATION
9416,557,SEXUAL ASSAULT
9417,557,SHOPLIFTING
9418,557,TRAFFIC VIOLATION
9419,557,VANDALISM
9420,557,VEHICLE - STOLEN
9421,558,ARSON
9422,558,ASSAULT
9423,558,BURGLARY
9424,558,COUNTERFEITING
9425,558,CYBERCRIME
9426,558,DOMESTIC VIOLENCE
9427,558,DRUG OFFENSE
9428,558,EXTORTION
9429,558,FRAUD
9430,558,HOMICIDE
9431,558,IDENTITY THEFT
9432,558,ILLEGAL POSSESSION
9433,558,KIDNAPPING
9434,558,PUBLIC INTOXICATION
9435,558,ROBBERY
9436,558,SEXUAL ASSAULT
9437,558,SHOPLIFTING
9438,558,TRAFFIC VIOLATION
9439,558,VANDALISM
9440,559,ARSON
9441,559,ASSAULT
9442,559,BURGLARY
9443,559,COUNTERFEITING
9444,559,CYBERCRIME
9445,559,DOMESTIC VIOLENCE
9446,559,DRUG OFFENSE
9447,559,EXTORTION
9448,559,FIREARM OFFENSE
9449,559,FRAUD
9450,559,HOMICIDE
9451,559,IDENTITY THEFT
9452,559,ILLEGAL POSSESSION
9453,559,KIDNAPPING
9454,559,PUBLIC INTOXICATION
9455,559,ROBBERY
9456,559,SEXUAL ASSAULT
9457,559,SHOPLIFTING
9458,559,TRAFFIC VIOLATION
9459,559,VANDALISM
9460,560,ARSON
9461,560,ASSAULT
9462,560,BURGLARY
9463,560,COUNTERFEITING
9464,560,CYBERCRIME
9465,560,DOMESTIC VIOLENCE
9466,560,DRUG OFFENSE
9467,560,EXTORTION
9468,560,FIREARM OFFENSE
9469,560,FRAUD
9470,560,HOMICIDE
9471,560,IDENTITY THEFT
9472,560,ILLEGAL POSSESSION
9473,560,KIDNAPPING
9474,560,PUBLIC INTOXICATION
9475,560,ROBBERY
9476,560,SEXUAL ASSAULT
9477,560,SHOPLIFTING
9478,560,TRAFFIC VIOLATION
9479,560,VANDALISM
9480,560,VEHICLE - STOLEN
9481,561,ARSON
9482,561,ASSAULT
9483,561,BURGLARY
9484,561,COUNTERFEITING
9485,561,CYBERCRIME
9486,561,DOMESTIC VIOLENCE
9487,561,DRUG OFFENSE
9488,561,EXTORTION
9489,561,FIREARM OFFENSE
9490,561,FRAUD
9491,561,HOMICIDE
9492,561,IDENTITY THEFT
9493,561,ILLEGAL POSSESSION
9494,561,KIDNAPPING
9495,561,PUBLIC INTOXICATION
9496,561,ROBBERY
9497,561,SEXUAL ASSAULT
9498,561,SHOPLIFTING
9499,561,TRAFFIC VIOLATION
9500,561,VANDALISM
9501,561,VEHICLE - STOLEN
9502,562,ARSON
9503,562,ASSAULT
9504,562,BURGLARY
9505,562,COUNTERFEITING
9506,562,CYBERCRIME
9507,562,DOMESTIC VIOLENCE
9508,562,DRUG OFFENSE
9509,562,EXTORTION
9510,562,FIREARM OFFENSE
9511,562,FRAUD
9512,562,HOMICIDE
9513,562,IDENTITY THEFT
9514,562,ILLEGAL POSSESSION
9515,562,KIDNAPPING
9516,562,PUBLIC INTOXICATION
9517,562,ROBBERY
9518,562,SEXUAL ASSAULT
9519,562,SHOPLIFTING
9520,562,TRAFFIC VIOLATION
9521,562,VANDALISM
9522,562,VEHICLE - STOLEN
9523,563,ARSON
9524,563,ASSAULT
9525,563,BURGLARY
9526,563,COUNTERFEITING
9527,563,CYBERCRIME
9528,563,DOMESTIC VIOLENCE
9529,563,DRUG OFFENSE
9530,563,EXTORTION
9531,563,FIREARM OFFENSE
9532,563,FRAUD
9533,563,HOMICIDE
9534,563,IDENTITY THEFT
9535,563,ILLEGAL POSSESSION
9536,563,KIDNAPPING
9537,563,PUBLIC INTOXICATION
9538,563,ROBBERY
9539,563,SEXUAL ASSAULT
9540,563,SHOPLIFTING
9541,563,TRAFFIC VIOLATION
9542,563,VANDALISM
9543,563,VEHICLE - STOLEN
9544,564,ARSON
9545,564,ASSAULT
9546,564,BURGLARY
9547,564,COUNTERFEITING
9548,564,CYBERCRIME
9549,564,DOMESTIC VIOLENCE
9550,564,DRUG OFFENSE
9551,564,EXTORTION
9552,564,FIREARM OFFENSE
9553,564,FRAUD
9554,564,HOMICIDE
9555,564,IDENTITY THEFT
9556,564,ILLEGAL POSSESSION
9557,564,KIDNAPPING
9558,564,PUBLIC INTOXICATION
9559,564,ROBBERY
9560,564,SEXUAL ASSAULT
9561,564,SHOPLIFTING
9562,564,TRAFFIC VIOLATION
9563,564,VANDALISM
9564,564,VEHICLE - STOLEN
9565,565,ARSON
9566,565,ASSAULT
9567,565,BURGLARY
9568,565,COUNTERFEITING
9569,565,CYBERCRIME
9570,565,DOMESTIC VIOLENCE
9571,565,DRUG OFFENSE
9572,565,EXTORTION
9573,565,FIREARM OFFENSE
9574,565,FRAUD
9575,565,HOMICIDE
9576,565,IDENTITY THEFT
9577,565,ILLEGAL POSSESSION
9578,565,KIDNAPPING
9579,565,PUBLIC INTOXICATION
9580,565,ROBBERY
9581,565,SEXUAL ASSAULT
9582,565,SHOPLIFTING
9583,565,TRAFFIC VIOLATION
9584,565,VANDALISM
9585,565,VEHICLE - STOLEN
9586,566,ARSON
9587,566,ASSAULT
9588,566,BURGLARY
9589,566,COUNTERFEITING
9590,566,CYBERCRIME
9591,566,DOMESTIC VIOLENCE
9592,566,DRUG OFFENSE
9593,566,EXTORTION
9594,566,FIREARM OFFENSE
9595,566,FRAUD
9596,566,HOMICIDE
9597,566,IDENTITY THEFT
9598,566,ILLEGAL POSSESSION
9599,566,KIDNAPPING
9600,566,PUBLIC INTOXICATION
9601,566,SHOPLIFTING
9602,566,TRAFFIC VIOLATION
9603,566,VANDALISM
9604,566,VEHICLE - STOLEN
9605,567,ARSON
9606,567,ASSAULT
9607,567,BURGLARY
9608,567,COUNTERFEITING
9609,567,CYBERCRIME
9610,567,DOMESTIC VIOLENCE
9611,567,DRUG OFFENSE
9612,567,FIREARM OFFENSE
9613,567,FRAUD
9614,567,HOMICIDE
9615,567,IDENTITY THEFT
9616,567,ILLEGAL POSSESSION
9617,567,KIDNAPPING
9618,567,PUBLIC INTOXICATION
9619,567,ROBBERY
9620,567,SEXUAL ASSAULT
9621,567,SHOPLIFTING
9622,567,TRAFFIC VIOLATION
9623,567,VANDALISM
9624,567,VEHICLE - STOLEN
9625,568,ARSON
9626,568,ASSAULT
9627,568,BURGLARY
9628,568,COUNTERFEITING
9629,568,CYBERCRIME
9630,568,DOMESTIC VIOLENCE
9631,568,DRUG OFFENSE
9632,568,EXTORTION
9633,568,FIREARM OFFENSE
9634,568,FRAUD
9635,568,HOMICIDE
9636,568,IDENTITY THEFT
9637,568,ILLEGAL POSSESSION
9638,568,KIDNAPPING
9639,568,PUBLIC INTOXICATION
9640,568,ROBBERY
9641,568,SEXUAL ASSAULT
9642,568,SHOPLIFTING
9643,568,TRAFFIC VIOLATION
9644,568,VANDALISM
9645,568,VEHICLE - STOLEN
9646,569,ARSON
9647,569,ASSAULT
9648,569,BURGLARY
9649,569,COUNTERFEITING
9650,569,CYBERCRIME
9651,569,DOMESTIC VIOLENCE
9652,569,DRUG OFFENSE
9653,569,EXTORTION
9654,569,FIREARM OFFENSE
9655,569,FRAUD
9656,569,HOMICIDE
9657,569,IDENTITY THEFT
9658,569,ILLEGAL POSSESSION
9659,569,KIDNAPPING
9660,569,PUBLIC INTOXICATION
9661,569,ROBBERY
9662,569,SEXUAL ASSAULT
9663,569,SHOPLIFTING
9664,569,TRAFFIC VIOLATION
9665,569,VANDALISM
9666,569,VEHICLE - STOLEN
9667,570,ARSON
9668,570,ASSAULT
9669,570,BURGLARY
9670,570,COUNTERFEITING
9671,570,CYBERCRIME
9672,570,DOMESTIC VIOLENCE
9673,570,DRUG OFFENSE
9674,570,EXTORTION
9675,570,FIREARM OFFENSE
9676,570,FRAUD
9677,570,HOMICIDE
9678,570,IDENTITY THEFT
9679,570,ILLEGAL POSSESSION
9680,570,KIDNAPPING
9681,570,PUBLIC INTOXICATION
9682,570,ROBBERY
9683,570,SEXUAL ASSAULT
9684,570,SHOPLIFTING
9685,570,TRAFFIC VIOLATION
9686,570,VANDALISM
9687,570,VEHICLE - STOLEN
9688,571,ARSON
9689,571,ASSAULT
9690,571,BURGLARY
9691,571,COUNTERFEITING
9692,571,CYBERCRIME
9693,571,DOMESTIC VIOLENCE
9694,571,DRUG OFFENSE
9695,571,EXTORTION
9696,571,FIREARM OFFENSE
9697,571,FRAUD
9698,571,HOMICIDE
9699,571,IDENTITY THEFT
9700,571,ILLEGAL POSSESSION
9701,571,KIDNAPPING
9702,571,PUBLIC INTOXICATION
9703,571,ROBBERY
9704,571,SEXUAL ASSAULT
9705,571,SHOPLIFTING
9706,571,TRAFFIC VIOLATION
9707,571,VANDALISM
9708,571,VEHICLE - STOLEN
9709,572,ARSON
9710,572,ASSAULT
9711,572,BURGLARY
9712,572,COUNTERFEITING
9713,572,CYBERCRIME
9714,572,DOMESTIC VIOLENCE
9715,572,DRUG OFFENSE
9716,572,EXTORTION
9717,572,FIREARM OFFENSE
9718,572,FRAUD
9719,572,HOMICIDE
9720,572,IDENTITY THEFT
9721,572,ILLEGAL POSSESSION
9722,572,KIDNAPPING
9723,572,PUBLIC INTOXICATION
9724,572,ROBBERY
9725,572,SEXUAL ASSAULT
9726,572,SHOPLIFTING
9727,572,TRAFFIC VIOLATION
9728,572,VANDALISM
9729,572,VEHICLE - STOLEN
9730,573,ARSON
9731,573,ASSAULT
9732,573,BURGLARY
9733,573,COUNTERFEITING
9734,573,CYBERCRIME
9735,573,DOMESTIC VIOLENCE
9736,573,DRUG OFFENSE
9737,573,EXTORTION
9738,573,FIREARM OFFENSE
9739,573,FRAUD
9740,573,HOMICIDE
9741,573,IDENTITY THEFT
9742,573,ILLEGAL POSSESSION
9743,573,KIDNAPPING
9744,573,PUBLIC INTOXICATION
9745,573,ROBBERY
9746,573,SEXUAL ASSAULT
9747,573,SHOPLIFTING
9748,573,TRAFFIC VIOLATION
9749,573,VANDALISM
9750,573,VEHICLE - STOLEN
9751,574,ARSON
9752,574,ASSAULT
9753,574,BURGLARY
9754,574,COUNTERFEITING
9755,574,CYBERCRIME
9756,574,DOMESTIC VIOLENCE
9757,574,DRUG OFFENSE
9758,574,EXTORTION
9759,574,FIREARM OFFENSE
9760,574,FRAUD
9761,574,HOMICIDE
9762,574,IDENTITY THEFT
9763,574,ILLEGAL POSSESSION
9764,574,KIDNAPPING
9765,574,PUBLIC INTOXICATION
9766,574,ROBBERY
9767,574,SEXUAL ASSAULT
9768,574,SHOPLIFTING
9769,574,VANDALISM
9770,574,VEHICLE - STOLEN
9771,575,ASSAULT
9772,575,BURGLARY
9773,575,COUNTERFEITING
9774,575,CYBERCRIME
9775,575,DOMESTIC VIOLENCE
9776,575,DRUG OFFENSE
9777,575,EXTORTION
9778,575,FIREARM OFFENSE
9779,575,FRAUD
9780,575,HOMICIDE
9781,575,IDENTITY THEFT
9782,575,ILLEGAL POSSESSION
9783,575,KIDNAPPING
9784,575,PUBLIC INTOXICATION
9785,575,ROBBERY
9786,575,SEXUAL ASSAULT
9787,575,SHOPLIFTING
9788,575,TRAFFIC VIOLATION
9789,575,VANDALISM
9790,575,VEHICLE - STOLEN
9791,576,ARSON
9792,576,ASSAULT
9793,576,BURGLARY
9794,576,COUNTERFEITING
9795,576,CYBERCRIME
9796,576,DOMESTIC VIOLENCE
9797,576,DRUG OFFENSE
9798,576,EXTORTION
9799,576,FIREARM OFFENSE
9800,576,FRAUD
9801,576,HOMICIDE
9802,576,IDENTITY THEFT
9803,576,ILLEGAL POSSESSION
9804,576,KIDNAPPING
9805,576,PUBLIC INTOXICATION
9806,576,ROBBERY
9807,576,SEXUAL ASSAULT
9808,576,SHOPLIFTING
9809,576,TRAFFIC VIOLATION
9810,576,VANDALISM
9811,576,VEHICLE - STOLEN
9812,577,ARSON
9813,577,ASSAULT
9814,577,BURGLARY
9815,577,COUNTERFEITING
9816,577,CYBERCRIME
9817,577,DOMESTIC VIOLENCE
9818,577,DRUG OFFENSE
9819,577,EXTORTION
9820,577,FIREARM OFFENSE
9821,577,FRAUD
9822,577,HOMICIDE
9823,577,IDENTITY THEFT
9824,577,ILLEGAL POSSESSION
9825,577,KIDNAPPING
9826,577,PUBLIC INTOXICATION
9827,577,ROBBERY
9828,577,SEXUAL ASSAULT
9829,577,SHOPLIFTING
9830,577,TRAFFIC VIOLATION
9831,577,VANDALISM
9832,577,VEHICLE - STOLEN
9833,578,ARSON
9834,578,ASSAULT
9835,578,BURGLARY
9836,578,COUNTERFEITING
9837,578,CYBERCRIME
9838,578,DOMESTIC VIOLENCE
9839,578,DRUG OFFENSE
9840,578,EXTORTION
9841,578,FIREARM OFFENSE
9842,578,FRAUD
9843,578,HOMICIDE
9844,578,IDENTITY THEFT
9845,578,ILLEGAL POSSESSION
9846,578,KIDNAPPING
9847,578,PUBLIC INTOXICATION
9848,578,ROBBERY
9849,578,SEXUAL ASSAULT
9850,578,SHOPLIFTING
9851,578,TRAFFIC VIOLATION
9852,578,VANDALISM
9853,578,VEHICLE - STOLEN
9854,579,ARSON
9855,579,ASSAULT
9856,579,BURGLARY
9857,579,COUNTERFEITING
9858,579,CYBERCRIME
9859,579,DOMESTIC VIOLENCE
9860,579,DRUG OFFENSE
9861,579,EXTORTION
9862,579,FIREARM OFFENSE
9863,579,FRAUD
9864,579,HOMICIDE
9865,579,IDENTITY THEFT
9866,579,ILLEGAL POSSESSION
9867,579,KIDNAPPING
9868,579,PUBLIC INTOXICATION
9869,579,SEXUAL ASSAULT
9870,579,SHOPLIFTING
9871,579,TRAFFIC VIOLATION
9872,579,VANDALISM
9873,579,VEHICLE - STOLEN
9874,580,ARSON
9875,580,ASSAULT
9876,580,BURGLARY
9877,580,COUNTERFEITING
9878,580,CYBERCRIME
9879,580,DRUG OFFENSE
9880,580,EXTORTION
9881,580,FIREARM OFFENSE
9882,580,FRAUD
9883,580,HOMICIDE
9884,580,IDENTITY THEFT
9885,580,ILLEGAL POSSESSION
9886,580,KIDNAPPING
9887,580,PUBLIC INTOXICATION
9888,580,ROBBERY
9889,580,SEXUAL ASSAULT
9890,580,SHOPLIFTING
9891,580,TRAFFIC VIOLATION
9892,580,VANDALISM
9893,580,VEHICLE - STOLEN
9894,581,ARSON
9895,581,ASSAULT
9896,581,BURGLARY
9897,581,COUNTERFEITING
9898,581,CYBERCRIME
9899,581,DOMESTIC VIOLENCE
9900,581,DRUG OFFENSE
9901,581,EXTORTION
9902,581,FIREARM OFFENSE
9903,581,FRAUD
9904,581,IDENTITY THEFT
9905,581,ILLEGAL POSSESSION
9906,581,KIDNAPPING
9907,581,PUBLIC INTOXICATION
9908,581,ROBBERY
9909,581,SEXUAL ASSAULT
9910,581,SHOPLIFTING
9911,581,TRAFFIC VIOLATION
9912,581,VANDALISM
9913,581,VEHICLE - STOLEN
9914,582,ARSON
9915,582,ASSAULT
9916,582,BURGLARY
9917,582,COUNTERFEITING
9918,582,CYBERCRIME
9919,582,DOMESTIC VIOLENCE
9920,582,DRUG OFFENSE
9921,582,EXTORTION
9922,582,FIREARM OFFENSE
9923,582,FRAUD
9924,582,HOMICIDE
9925,582,IDENTITY THEFT
9926,582,ILLEGAL POSSESSION
9927,582,KIDNAPPING
9928,582,PUBLIC INTOXICATION
9929,582,ROBBERY
9930,582,SEXUAL ASSAULT
9931,582,SHOPLIFTING
9932,582,TRAFFIC VIOLATION
9933,582,VANDALISM
9934,582,VEHICLE - STOLEN
9935,583,ARSON
9936,583,ASSAULT
9937,583,BURGLARY
9938,583,COUNTERFEITING
9939,583,CYBERCRIME
9940,583,DOMESTIC VIOLENCE
9941,583,DRUG OFFENSE
9942,583,EXTORTION
9943,583,FIREARM OFFENSE
9944,583,FRAUD
9945,583,HOMICIDE
9946,583,IDENTITY THEFT
9947,583,ILLEGAL POSSESSION
9948,583,KIDNAPPING
9949,583,PUBLIC INTOXICATION
9950,583,ROBBERY
9951,583,SEXUAL ASSAULT
9952,583,SHOPLIFTING
9953,583,TRAFFIC VIOLATION
9954,583,VANDALISM
9955,583,VEHICLE - STOLEN
9956,584,ARSON
9957,584,ASSAULT
9958,584,BURGLARY
9959,584,COUNTERFEITING
9960,584,CYBERCRIME
9961,584,DOMESTIC VIOLENCE
9962,584,DRUG OFFENSE
9963,584,EXTORTION
9964,584,FIREARM OFFENSE
9965,584,FRAUD
9966,584,HOMICIDE
9967,584,IDENTITY THEFT
9968,584,ILLEGAL POSSESSION
9969,584,KIDNAPPING
9970,584,PUBLIC INTOXICATION
9971,584,ROBBERY
9972,584,SEXUAL ASSAULT
9973,584,SHOPLIFTING
9974,584,TRAFFIC VIOLATION
9975,584,VANDALISM
9976,584,VEHICLE - STOLEN
9977,585,ARSON
9978,585,ASSAULT
9979,585,BURGLARY
9980,585,COUNTERFEITING
9981,585,CYBERCRIME
9982,585,DOMESTIC VIOLENCE
9983,585,DRUG OFFENSE
9984,585,EXTORTION
9985,585,FIREARM OFFENSE
9986,585,FRAUD
9987,585,HOMICIDE
9988,585,IDENTITY THEFT
9989,585,ILLEGAL POSSESSION
9990,585,KIDNAPPING
9991,585,PUBLIC INTOXICATION
9992,585,ROBBERY
9993,585,SEXUAL ASSAULT
9994,585,SHOPLIFTING
9995,585,TRAFFIC VIOLATION
9996,585,VANDALISM
9997,585,VEHICLE - STOLEN
9998,586,ARSON
9999,586,ASSAULT
10000,586,COUNTERFEITING
10001,586,CYBERCRIME
10002,586,DOMESTIC VIOLENCE
10003,586,DRUG OFFENSE
10004,586,EXTORTION
10005,586,FIREARM OFFENSE
10006,586,FRAUD
10007,586,HOMICIDE
10008,586,IDENTITY THEFT
10009,586,ILLEGAL POSSESSION
10010,586,KIDNAPPING
10011,586,PUBLIC INTOXICATION
10012,586,ROBBERY
10013,586,SEXUAL ASSAULT
10014,586,SHOPLIFTING
10015,586,TRAFFIC VIOLATION
10016,586,VANDALISM
10017,586,VEHICLE - STOLEN
10018,587,ARSON
10019,587,ASSAULT
10020,587,BURGLARY
10021,587,COUNTERFEITING
10022,587,CYBERCRIME
10023,587,DOMESTIC VIOLENCE
10024,587,DRUG OFFENSE
10025,587,EXTORTION
10026,587,FIREARM OFFENSE
10027,587,FRAUD
10028,587,HOMICIDE
10029,587,IDENTITY THEFT
10030,587,ILLEGAL POSSESSION
10031,587,KIDNAPPING
10032,587,PUBLIC INTOXICATION
10033,587,ROBBERY
10034,587,SEXUAL ASSAULT
10035,587,SHOPLIFTING
10036,587,TRAFFIC VIOLATION
10037,587,VANDALISM
10038,587,VEHICLE - STOLEN
10039,588,ARSON
10040,588,ASSAULT
10041,588,BURGLARY
10042,588,COUNTERFEITING
10043,588,CYBERCRIME
10044,588,DOMESTIC VIOLENCE
10045,588,DRUG OFFENSE
10046,588,EXTORTION
10047,588,FIREARM OFFENSE
10048,588,FRAUD
10049,588,HOMICIDE
10050,588,IDENTITY THEFT
10051,588,ILLEGAL POSSESSION
10052,588,KIDNAPPING
10053,588,PUBLIC INTOXICATION
10054,588,ROBBERY
10055,588,SEXUAL ASSAULT
10056,588,SHOPLIFTING
10057,588,TRAFFIC VIOLATION
10058,588,VANDALISM
10059,588,VEHICLE - STOLEN
10060,589,ARSON
10061,589,BURGLARY
10062,589,COUNTERFEITING
10063,589,CYBERCRIME
10064,589,DOMESTIC VIOLENCE
10065,589,DRUG OFFENSE
10066,589,EXTORTION
10067,589,FIREARM OFFENSE
10068,589,FRAUD
10069,589,HOMICIDE
10070,589,IDENTITY THEFT
10071,589,ILLEGAL POSSESSION
10072,589,KIDNAPPING
10073,589,PUBLIC INTOXICATION
10074,589,ROBBERY
10075,589,SEXUAL ASSAULT
10076,589,SHOPLIFTING
10077,589,TRAFFIC VIOLATION
10078,589,VANDALISM
10079,589,VEHICLE - STOLEN
10080,590,ARSON
10081,590,ASSAULT
10082,590,BURGLARY
10083,590,COUNTERFEITING
10084,590,CYBERCRIME
10085,590,DOMESTIC VIOLENCE
10086,590,DRUG OFFENSE
10087,590,EXTORTION
10088,590,FIREARM OFFENSE
10089,590,FRAUD
10090,590,HOMICIDE
10091,590,IDENTITY THEFT
10092,590,ILLEGAL POSSESSION
10093,590,KIDNAPPING
10094,590,PUBLIC INTOXICATION
10095,590,ROBBERY
10096,590,SEXUAL ASSAULT
10097,590,SHOPLIFTING
10098,590,TRAFFIC VIOLATION
10099,590,VANDALISM
10100,590,VEHICLE - STOLEN
10101,591,ARSON
10102,591,ASSAULT
10103,591,BURGLARY
10104,591,COUNTERFEITING
10105,591,CYBERCRIME
10106,591,DOMESTIC VIOLENCE
10107,591,DRUG OFFENSE
10108,591,EXTORTION
10109,591,FIREARM OFFENSE
10110,591,FRAUD
10111,591,HOMICIDE
10112,591,ILLEGAL POSSESSION
10113,591,KIDNAPPING
10114,591,PUBLIC INTOXICATION
10115,591,ROBBERY
10116,591,SEXUAL ASSAULT
10117,591,SHOPLIFTING
10118,591,TRAFFIC VIOLATION
10119,591,VANDALISM
10120,591,VEHICLE - STOLEN
10121,592,ARSON
10122,592,ASSAULT
10123,592,BURGLARY
10124,592,COUNTERFEITING
10125,592,CYBERCRIME
10126,592,DOMESTIC VIOLENCE
10127,592,DRUG OFFENSE
10128,592,EXTORTION
10129,592,FIREARM OFFENSE
10130,592,FRAUD
10131,592,HOMICIDE
10132,592,IDENTITY THEFT
10133,592,ILLEGAL POSSESSION
10134,592,KIDNAPPING
10135,592,PUBLIC INTOXICATION
10136,592,ROBBERY
10137,592,SEXUAL ASSAULT
10138,592,SHOPLIFTING
10139,592,TRAFFIC VIOLATION
10140,592,VANDALISM
10141,592,VEHICLE - STOLEN
10142,593,ARSON
10143,593,ASSAULT
10144,593,BURGLARY
10145,593,COUNTERFEITING
10146,593,CYBERCRIME
10147,593,DOMESTIC VIOLENCE
10148,593,DRUG OFFENSE
10149,593,EXTORTION
10150,593,FIREARM OFFENSE
10151,593,FRAUD
10152,593,HOMICIDE
10153,593,IDENTITY THEFT
10154,593,ILLEGAL POSSESSION
10155,593,KIDNAPPING
10156,593,PUBLIC INTOXICATION
10157,593,ROBBERY
10158,593,SEXUAL ASSAULT
10159,593,SHOPLIFTING
10160,593,TRAFFIC VIOLATION
10161,593,VANDALISM
10162,593,VEHICLE - STOLEN
10163,594,ARSON
10164,594,ASSAULT
10165,594,COUNTERFEITING
10166,594,CYBERCRIME
10167,594,DOMESTIC VIOLENCE
10168,594,DRUG OFFENSE
10169,594,EXTORTION
10170,594,FIREARM OFFENSE
10171,594,FRAUD
10172,594,HOMICIDE
10173,594,IDENTITY THEFT
10174,594,ILLEGAL POSSESSION
10175,594,KIDNAPPING
10176,594,PUBLIC INTOXICATION
10177,594,ROBBERY
10178,594,SEXUAL ASSAULT
10179,594,SHOPLIFTING
10180,594,TRAFFIC VIOLATION
10181,594,VANDALISM
10182,594,VEHICLE - STOLEN
10183,595,ARSON
10184,595,ASSAULT
10185,595,BURGLARY
10186,595,COUNTERFEITING
10187,595,CYBERCRIME
10188,595,DOMESTIC VIOLENCE
10189,595,DRUG OFFENSE
10190,595,EXTORTION
10191,595,FRAUD
10192,595,HOMICIDE
10193,595,IDENTITY THEFT
10194,595,ILLEGAL POSSESSION
10195,595,KIDNAPPING
10196,595,PUBLIC INTOXICATION
10197,595,ROBBERY
10198,595,SEXUAL ASSAULT
10199,595,SHOPLIFTING
10200,595,TRAFFIC VIOLATION
10201,595,VANDALISM
10202,595,VEHICLE - STOLEN
10203,596,ARSON
10204,596,ASSAULT
10205,596,BURGLARY
10206,596,COUNTERFEITING
10207,596,CYBERCRIME
10208,596,DOMESTIC VIOLENCE
10209,596,DRUG OFFENSE
10210,596,EXTORTION
10211,596,FIREARM OFFENSE
10212,596,FRAUD
10213,596,HOMICIDE
10214,596,IDENTITY THEFT
10215,596,ILLEGAL POSSESSION
10216,596,KIDNAPPING
10217,596,PUBLIC INTOXICATION
10218,596,ROBBERY
10219,596,SEXUAL ASSAULT
10220,596,SHOPLIFTING
10221,596,TRAFFIC VIOLATION
10222,596,VANDALISM
10223,596,VEHICLE - STOLEN
10224,597,ARSON
10225,597,ASSAULT
10226,597,BURGLARY
10227,597,COUNTERFEITING
10228,597,CYBERCRIME
10229,597,DOMESTIC VIOLENCE
10230,597,DRUG OFFENSE
10231,597,EXTORTION
10232,597,FIREARM OFFENSE
10233,597,FRAUD
10234,597,HOMICIDE
10235,597,IDENTITY THEFT
10236,597,ILLEGAL POSSESSION
10237,597,KIDNAPPING
10238,597,PUBLIC INTOXICATION
10239,597,ROBBERY
10240,597,SEXUAL ASSAULT
10241,597,SHOPLIFTING
10242,597,TRAFFIC VIOLATION
10243,597,VANDALISM
10244,597,VEHICLE - STOLEN
10245,598,ARSON
10246,598,ASSAULT
10247,598,BURGLARY
10248,598,COUNTERFEITING
10249,598,CYBERCRIME
10250,598,DOMESTIC VIOLENCE
10251,598,DRUG OFFENSE
10252,598,EXTORTION
10253,598,FIREARM OFFENSE
10254,598,FRAUD
10255,598,HOMICIDE
10256,598,IDENTITY THEFT
10257,598,ILLEGAL POSSESSION
10258,598,KIDNAPPING
10259,598,PUBLIC INTOXICATION
10260,598,ROBBERY
10261,598,SEXUAL ASSAULT
10262,598,SHOPLIFTING
10263,598,TRAFFIC VIOLATION
10264,598,VANDALISM
10265,598,VEHICLE - STOLEN
10266,599,ARSON
10267,599,ASSAULT
10268,599,BURGLARY
10269,599,COUNTERFEITING
10270,599,CYBERCRIME
10271,599,DOMESTIC VIOLENCE
10272,599,DRUG OFFENSE
10273,599,EXTORTION
10274,599,FIREARM OFFENSE
10275,599,FRAUD
10276,599,HOMICIDE
10277,599,IDENTITY THEFT
10278,599,ILLEGAL POSSESSION
10279,599,KIDNAPPING
10280,599,PUBLIC INTOXICATION
10281,599,ROBBERY
10282,599,SEXUAL ASSAULT
10283,599,SHOPLIFTING
10284,599,TRAFFIC VIOLATION
10285,599,VANDALISM
10286,599,VEHICLE - STOLEN
